T_K,T_C,P_Pa,P_bar,rho_kg_m3,v_m3_kg,h_kJ_kg,s_kJ_kgK,u_kJ_kg,q_quality,cp_J_kgK,cv_J_kgK,phase
220.034571,-53.115429,600000.0,6.0,37.583558,0.026607,229.385761,1.2,213.421333,0.413479,1170.735426,647.269849,twophase
221.961929,-51.188071,650000.0,6.5,40.862071,0.024473,230.661368,1.2,214.754195,0.40991,1230.283867,659.603685,twophase
223.780941,-49.369059,700000.0,7.0,44.176186,0.022637,231.837988,1.2,215.992347,0.40642,1297.587193,673.368055,twophase
225.505029,-47.644971,750000.0,7.5,47.526822,0.021041,232.929024,1.2,217.148461,0.403,1373.850403,688.643376,twophase
227.145173,-46.004827,800000.0,8.0,50.914824,0.019641,233.94532,1.2,218.232804,0.399641,1460.512863,705.50043,twophase
228.710481,-44.439519,850000.0,8.5,54.340988,0.018402,234.89578,1.2,219.253812,0.396336,1559.313765,723.988866,twophase
230.208596,-42.941404,900000.0,9.0,57.806067,0.017299,235.787803,1.2,220.218503,0.393081,1672.390339,744.119936,twophase
231.646002,-41.503998,950000.0,9.5,61.310789,0.01631,236.627604,1.2,221.132778,0.389869,1802.438101,765.846218,twophase
233.02825,-40.12175,1000000.0,10.0,64.855856,0.015419,237.420458,1.2,222.001649,0.386696,1952.983009,789.042642,twophase
234.360129,-38.789871,1050000.0,10.5,68.441956,0.014611,238.170877,1.2,222.829411,0.383559,2128.851021,813.494085,twophase
235.645806,-37.504194,1100000.0,11.0,72.069766,0.013875,238.882756,1.2,223.619767,0.380453,2336.987768,838.894803,twophase
236.888928,-36.261072,1150000.0,11.5,75.739954,0.013203,239.559473,1.2,224.375941,0.377376,2587.919747,864.864172,twophase
238.092709,-35.057291,1200000.0,12.0,79.453186,0.012586,240.203984,1.2,225.100751,0.374324,2898.4593,890.981731,twophase
239.259995,-33.890005,1250000.0,12.5,83.210124,0.012018,240.818888,1.2,225.796677,0.371295,3297.018044,916.842619,twophase
240.39332,-32.75668,1300000.0,13.0,87.01143,0.011493,241.406481,1.2,226.465915,0.368287,3834.974779,942.132557,twophase
241.494951,-31.655049,1350000.0,13.5,90.857771,0.011006,241.968804,1.2,227.110416,0.365298,4614.070219,966.7196,twophase
242.566925,-30.583075,1400000.0,14.0,94.749814,0.010554,242.507676,1.2,227.731921,0.362324,5864.564605,990.758286,twophase
243.61108,-29.53892,1450000.0,14.5,98.688234,0.010133,243.02473,1.2,228.331995,0.359365,8233.924734,1014.800526,twophase
244.629078,-28.520922,1500000.0,15.0,102.673712,0.00974,243.521432,1.2,228.912045,0.356419,14490.776904,1039.906754,twophase
245.622432,-27.527568,1550000.0,15.5,106.706935,0.009371,243.999109,1.2,229.473342,0.353484,77022.495078,1067.750488,twophase
246.592518,-26.557482,1600000.0,16.0,110.788601,0.009026,244.458959,1.2,230.01704,0.350558,-21555.808903,1100.709743,twophase
247.540598,-25.609402,1650000.0,16.5,114.919415,0.008702,244.902075,1.2,230.544188,0.34764,-9230.89073,1141.93971,twophase
248.467825,-24.682175,1700000.0,17.0,119.100093,0.008396,245.329451,1.2,231.055742,0.344729,-5829.227924,1195.42319,twophase
249.37526,-23.77474,1750000.0,17.5,123.331364,0.008108,245.741995,1.2,231.552579,0.341823,-4265.310741,1265.998673,twophase
250.263884,-22.886116,1800000.0,18.0,127.613964,0.007836,246.14054,1.2,232.035501,0.338922,-3384.366608,1359.371347,twophase
251.134598,-22.015402,1850000.0,18.5,131.948643,0.007579,246.525853,1.2,232.505246,0.336023,-2829.012265,1482.120254,twophase
251.98824,-21.16176,1900000.0,19.0,136.336165,0.007335,246.898636,1.2,232.962496,0.333126,-2451.183714,1641.72624,twophase
252.825587,-20.324413,1950000.0,19.5,140.777305,0.007103,247.259542,1.2,233.407878,0.330229,-2178.168497,1846.661235,twophase
253.647358,-19.502642,2000000.0,20.0,145.27285,0.006884,247.609171,1.2,233.841974,0.327332,-1970.67662,2106.600912,twophase
254.454227,-18.695773,2050000.0,20.5,149.823603,0.006675,247.948081,1.2,234.265324,0.324434,-1807.150838,2432.851255,twophase
255.246821,-17.903179,2100000.0,21.0,154.430379,0.006475,248.276789,1.2,234.678428,0.321533,-1677.344696,2839.116253,twophase
256.025725,-17.124275,2150000.0,21.5,159.09401,0.006286,248.595777,1.2,235.081754,0.318628,-1579.6956,3342.780092,twophase
256.791488,-16.358512,2200000.0,22.0,163.815339,0.006104,248.905492,1.2,235.475737,0.315719,-1520.417847,3966.933822,twophase
257.544623,-15.605377,2250000.0,22.5,168.595229,0.005931,249.206355,1.2,235.860781,0.312805,-1513.43364,4743.443822,twophase
258.285615,-14.864385,2300000.0,23.0,173.434555,0.005766,249.498755,1.2,236.237269,0.309885,-1580.752409,5717.437138,twophase
259.014916,-14.135084,2350000.0,23.5,178.33421,0.005607,249.783059,1.2,236.605554,0.306957,-1753.144094,6953.664869,twophase
259.732954,-13.417046,2400000.0,24.0,183.295104,0.005456,250.059611,1.2,236.965971,0.304021,-2071.07097,8545.295717,twophase
260.440132,-12.709868,2450000.0,24.5,188.318164,0.00531,250.328732,1.2,237.318834,0.301077,-2585.894042,10625.780973,twophase
261.13683,-12.01317,2500000.0,25.0,193.404334,0.005171,250.590725,1.2,237.664438,0.298122,-3361.379052,13384.510241,twophase
261.823408,-11.326592,2550000.0,25.5,198.554578,0.005036,250.845875,1.2,238.003059,0.295157,-4475.514516,17087.030256,twophase
262.500205,-10.649795,2600000.0,26.0,203.769879,0.004907,251.094452,1.2,238.33496,0.292181,-6022.637527,22100.609105,twophase
263.167543,-9.982457,2650000.0,26.5,209.051239,0.004784,251.336707,1.2,238.660389,0.289192,-8115.854066,28925.871619,twophase
263.825728,-9.324272,2700000.0,27.0,214.39968,0.004664,251.572881,1.2,238.979578,0.28619,-10889.745023,38235.080359,twophase
264.475049,-8.674951,2750000.0,27.5,219.816246,0.004549,251.803199,1.2,239.29275,0.283173,-14503.368642,50917.357743,twophase
265.115781,-8.034219,2800000.0,28.0,225.302002,0.004438,252.027876,1.2,239.600112,0.280142,-19143.605705,68130.703107,twophase
265.748186,-7.401814,2850000.0,28.5,230.858034,0.004332,252.247113,1.2,239.901864,0.277095,-25028.947498,91360.01863,twophase
266.372513,-6.777487,2900000.0,29.0,236.485453,0.004229,252.461105,1.2,240.198194,0.274031,-32413.902863,122479.489687,twophase
266.988999,-6.161001,2950000.0,29.5,242.185392,0.004129,252.670032,1.2,240.48928,0.270949,-41594.305699,163816.548944,twophase
267.59787,-5.55213,3000000.0,30.0,247.959008,0.004033,252.874068,1.2,240.775294,0.267849,-52913.946596,218213.289444,twophase
268.199342,-4.950658,3050000.0,30.5,253.807484,0.00394,253.073378,1.2,241.056396,0.264729,-66773.141863,289079.609503,twophase
268.793621,-4.356379,3100000.0,31.0,259.732026,0.00385,253.268118,1.2,241.33274,0.261589,-83640.101997,380430.641557,twophase
269.380904,-3.769096,3150000.0,31.5,265.733868,0.003763,253.458438,1.2,241.604473,0.258427,-104066.284498,496899.260401,twophase
269.961377,-3.188623,3200000.0,32.0,271.81427,0.003679,253.644481,1.2,241.871736,0.255243,-128707.332363,643712.867255,twophase
270.535223,-2.614777,3250000.0,32.5,277.974519,0.003597,253.826381,1.2,242.134662,0.252035,-158351.737588,826622.45586,twophase
271.102613,-2.047387,3300000.0,33.0,284.215929,0.003518,254.004268,1.2,242.393378,0.248803,-193960.072588,1051771.501746,twophase
271.663712,-1.486288,3350000.0,33.5,290.539846,0.003442,254.178266,1.2,242.648006,0.245545,-236718.574005,1325492.844863,twophase
272.218678,-0.931322,3400000.0,34.0,296.947641,0.003368,254.348494,1.2,242.898664,0.24226,-288112.168094,1654023.853269,twophase
272.767664,-0.382336,3450000.0,34.5,303.440717,0.003296,254.515063,1.2,243.145461,0.238948,-350023.91398,2043134.135817,twophase
273.310815,0.160815,3500000.0,35.0,310.020509,0.003226,254.678082,1.2,243.388507,0.235607,-424870.701417,2497666.205463,twophase
273.848272,0.698272,3550000.0,35.5,316.688481,0.003158,254.837656,1.2,243.627902,0.232235,-515789.577203,3020997.907056,twophase
274.380168,1.230168,3600000.0,36.0,323.446133,0.003092,254.993883,1.2,243.863745,0.228832,-626896.57805,3614445.981311,twophase
274.906634,1.756634,3650000.0,36.5,330.294994,0.003028,255.146858,1.2,244.09613,0.225397,-763652.828159,4276642.355021,twophase
275.427793,2.277793,3700000.0,37.0,337.236632,0.002965,255.296672,1.2,244.325147,0.221927,-933395.558291,5002927.712526,twophase
275.943766,2.793766,3750000.0,37.5,344.272646,0.002905,255.443414,1.2,244.550884,0.218422,-1146133.893949,5784819.233873,twophase
276.454668,3.304668,3800000.0,38.0,351.404675,0.002846,255.587167,1.2,244.773424,0.21488,-1415790.145835,6609619.258796,twophase
276.960609,3.810609,3850000.0,38.5,358.634393,0.002788,255.728012,1.2,244.992846,0.2113,-1762229.818247,7460236.904934,twophase
277.461697,4.311697,3900000.0,39.0,365.963516,0.002733,255.866028,1.2,245.209228,0.20768,-2214768.972186,8315293.082832,twophase
277.958036,4.808036,3950000.0,39.5,373.393799,0.002678,256.001288,1.2,245.422644,0.204019,-2818635.036935,9149568.888438,twophase
278.449724,5.299724,4000000.0,40.0,380.927039,0.002625,256.133865,1.2,245.633167,0.200314,-3647816.05057,9934836.649729,twophase
278.936858,5.786858,4050000.0,40.5,388.565076,0.002574,256.263828,1.2,245.840864,0.196565,-4833179.571289,10641081.714707,twophase
279.419531,6.269531,4100000.0,41.0,396.309798,0.002523,256.391244,1.2,246.045802,0.192769,-6632273.037277,11238082.706367,twophase
279.897831,6.747831,4150000.0,41.5,404.163139,0.002474,256.516177,1.2,246.248046,0.188925,-9636376.53678,11697271.600861,twophase
280.371847,7.221847,4200000.0,42.0,412.127082,0.002426,256.638689,1.2,246.447658,0.18503,-15582317.338414,11993747.663079,twophase
280.84166,7.69166,4250000.0,42.5,420.203664,0.00238,256.75884,1.2,246.644697,0.181082,-32779443.964616,12108277.626753,twophase
281.307353,8.157353,4300000.0,43.0,428.394974,0.002334,256.876688,1.2,246.839222,0.17708,-666674463.435239,12029085.997805,twophase
281.769003,8.619003,4350000.0,43.5,436.703159,0.00229,256.992288,1.2,247.031288,0.17302,41785598.114183,11753231.15619,twophase
282.226686,9.076686,4400000.0,44.0,445.130424,0.002247,257.105694,1.2,247.220951,0.168901,21406822.242958,11287380.487459,twophase
282.680475,9.530475,4450000.0,44.5,453.679038,0.002204,257.216958,1.2,247.408262,0.16472,14786580.141582,10647843.374878,twophase
283.130441,9.980441,4500000.0,45.0,462.351331,0.002163,257.326131,1.2,247.593272,0.160474,11452176.567623,9859792.451387,twophase
283.576653,10.426653,4550000.0,45.5,471.149705,0.002122,257.43326,1.2,247.776032,0.15616,9408987.448774,8955694.050139,twophase
284.019177,10.869177,4600000.0,46.0,480.076628,0.002083,257.538393,1.2,247.956589,0.151775,8011399.112135,7973066.736906,twophase
284.458077,11.308077,4650000.0,46.5,489.134643,0.002044,257.641575,1.2,248.13499,0.147316,6994187.449138,6951777.478048,twophase
284.893415,11.743415,4700000.0,47.0,498.326366,0.002007,257.74285,1.2,248.31128,0.142781,6237219.08242,5931152.921875,twophase
285.325254,12.175254,4750000.0,47.5,507.654496,0.00197,257.842261,1.2,248.485503,0.138164,5692073.936396,4947215.276627,twophase
285.75365,12.60365,4800000.0,48.0,517.121806,0.001934,257.939848,1.2,248.657702,0.133462,5363601.298272,4030340.509008,twophase
286.17866,13.02866,4850000.0,48.5,526.731157,0.001899,258.035652,1.2,248.827918,0.128672,5335303.389565,3203580.603191,twophase
286.600341,13.450341,4900000.0,49.0,536.485493,0.001864,258.129711,1.2,248.996193,0.123789,5928518.833335,2481799.341417,twophase
287.018745,13.868745,4950000.0,49.5,546.387843,0.00183,258.222062,1.2,249.162564,0.118808,9000061.688196,1871657.675029,twophase
287.433924,14.283924,5000000.0,50.0,556.441326,0.001797,258.312743,1.2,249.327069,0.113724,-45629801.35707,1372369.880941,twophase
287.845929,14.695929,5050000.0,50.5,566.64915,0.001765,258.401787,1.2,249.489747,0.108533,-3312371.453585,977055.358353,twophase
288.254808,15.104808,5100000.0,51.0,577.014611,0.001733,258.48923,1.2,249.650632,0.103228,-1147187.286059,674449.167186,twophase
288.660609,15.510609,5150000.0,51.5,587.541098,0.001702,258.575104,1.2,249.80976,0.097804,-493371.177946,450715.838799,twophase
289.063378,15.913378,5200000.0,52.0,598.232088,0.001672,258.659441,1.2,249.967163,0.092254,-226713.921011,291135.047405,twophase
289.463159,16.313159,5250000.0,52.5,609.091152,0.001642,258.742273,1.2,250.122874,0.086572,-104838.137925,181485.29926,twophase
289.859996,16.709996,5300000.0,53.0,620.121947,0.001613,258.82363,1.2,250.276924,0.080749,-46565.26818,109027.865566,twophase
290.253931,17.103931,5350000.0,53.5,631.328223,0.001584,258.903542,1.2,250.429344,0.074778,-18459.061959,63070.81272,twophase
290.645005,17.495005,5400000.0,54.0,642.713819,0.001556,258.982036,1.2,250.580163,0.06865,-5154.662321,35157.318235,twophase
291.033257,17.883257,5450000.0,54.5,654.282662,0.001528,259.059141,1.2,250.729408,0.062357,812.128949,18963.876849,twophase
291.418725,18.268725,5500000.0,55.0,666.03877,0.001501,259.134884,1.2,250.877107,0.055887,3148.026519,10014.028669,twophase
291.801446,18.651446,5550000.0,55.5,677.986255,0.001475,259.209291,1.2,251.023285,0.04923,3651.380461,5314.374894,twophase
292.181457,19.031457,5600000.0,56.0,690.12932,0.001449,259.282388,1.2,251.167967,0.042374,2967.504781,2977.328439,twophase
292.558792,19.408792,5650000.0,56.5,702.472269,0.001424,259.3542,1.2,251.311178,0.035306,69.114866,1878.51332,twophase
292.933485,19.783485,5700000.0,57.0,715.019511,0.001399,259.424751,1.2,251.45294,0.028011,44195.513823,1388.055244,twophase
293.305568,20.155568,5750000.0,57.5,727.775569,0.001374,259.494064,1.2,251.593277,0.020474,8373.57153,1176.255918,twophase
293.675073,20.525073,5800000.0,58.0,740.745095,0.00135,259.562163,1.2,251.732209,0.012678,6033.037382,1082.967289,twophase
294.04203,20.89203,5850000.0,58.5,753.932883,0.001326,259.629071,1.2,251.869759,0.004602,4961.623719,1036.676439,twophase
294.286852,21.136852,5900000.0,59.0,761.545825,0.001313,259.694919,1.2,251.947519,,4535.742161,1018.869218,liquid
294.38205,21.23205,5950000.0,59.5,762.015449,0.001312,259.760555,1.2,251.952314,,4496.907342,1017.042668,liquid
294.476797,21.326797,6000000.0,60.0,762.481161,0.001312,259.82615,1.2,251.957103,,4459.291554,1015.288405,liquid
294.571104,21.421104,6050000.0,60.5,762.943076,0.001311,259.891705,1.2,251.961887,,4422.828294,1013.601245,liquid
294.664977,21.514977,6100000.0,61.0,763.401305,0.00131,259.957221,1.2,251.966667,,4387.456558,1011.976468,liquid
294.758427,21.608427,6150000.0,61.5,763.855949,0.001309,260.022698,1.2,251.971442,,4353.120222,1010.409765,liquid
294.851459,21.701459,6200000.0,62.0,764.307104,0.001308,260.088136,1.2,251.976214,,4319.767514,1008.897205,liquid
294.944082,21.794082,6250000.0,62.5,764.754862,0.001308,260.153536,1.2,251.980982,,4287.350549,1007.435194,liquid
295.036304,21.886304,6300000.0,63.0,765.199308,0.001307,260.218897,1.2,251.985748,,4255.82493,1006.020446,liquid
295.128129,21.978129,6350000.0,63.5,765.640523,0.001306,260.284221,1.2,251.990511,,4225.149401,1004.649952,liquid
295.219567,22.069567,6400000.0,64.0,766.078584,0.001305,260.349507,1.2,251.995273,,4195.285538,1003.320958,liquid
295.310621,22.160621,6450000.0,64.5,766.513563,0.001305,260.414756,1.2,252.000032,,4166.197482,1002.030934,liquid
295.4013,22.2513,6500000.0,65.0,766.94553,0.001304,260.479968,1.2,252.00479,,4137.851706,1000.777562,liquid
295.491608,22.341608,6550000.0,65.5,767.374551,0.001303,260.545143,1.2,252.009546,,4110.216801,999.558711,liquid
295.581551,22.431551,6600000.0,66.0,767.80069,0.001302,260.610282,1.2,252.014302,,4083.263296,998.372422,liquid
295.671135,22.521135,6650000.0,66.5,768.224005,0.001302,260.675386,1.2,252.019056,,4056.96349,997.216893,liquid
295.760364,22.610364,6700000.0,67.0,768.644556,0.001301,260.740453,1.2,252.02381,,4031.291309,996.090463,liquid
295.849245,22.699245,6750000.0,67.5,769.062396,0.0013,260.805485,1.2,252.028564,,4006.222173,994.991602,liquid
295.937782,22.787782,6800000.0,68.0,769.47758,0.0013,260.870481,1.2,252.033317,,3981.732879,993.9189,liquid
296.02598,22.87598,6850000.0,68.5,769.890158,0.001299,260.935443,1.2,252.03807,,3957.801497,992.871051,liquid
296.113843,22.963843,6900000.0,69.0,770.300178,0.001298,261.00037,1.2,252.042823,,3934.407272,991.84685,liquid
296.201376,23.051376,6950000.0,69.5,770.707688,0.001298,261.065263,1.2,252.047577,,3911.530545,990.845183,liquid
296.288585,23.138585,7000000.0,70.0,771.112734,0.001297,261.130121,1.2,252.05233,,3889.152666,989.865017,liquid
296.375472,23.225472,7050000.0,70.5,771.515359,0.001296,261.194946,1.2,252.057085,,3867.255931,988.905394,liquid
296.462042,23.312042,7100000.0,71.0,771.915606,0.001295,261.259736,1.2,252.06184,,3845.823515,987.965425,liquid
296.548299,23.398299,7150000.0,71.5,772.313515,0.001295,261.324494,1.2,252.066595,,3824.839415,987.044286,liquid
296.634248,23.484248,7200000.0,72.0,772.709126,0.001294,261.389217,1.2,252.071352,,3804.288395,986.141207,liquid
296.719892,23.569892,7250000.0,72.5,773.102478,0.001293,261.453908,1.2,252.076109,,3784.155938,985.255474,liquid
296.805234,23.655234,7300000.0,73.0,773.493607,0.001293,261.518566,1.2,252.080867,,3764.428199,984.38642,liquid
296.89028,23.74028,7350000.0,73.5,773.88255,0.001292,261.583192,1.2,252.085627,,3745.09197,983.533423,liquid
296.975032,23.825032,7400000.0,74.0,774.269341,0.001292,261.647785,1.2,252.090387,,3726.134635,982.695903,supercritical_liquid
297.059493,23.909493,7450000.0,74.5,774.654015,0.001291,261.712346,1.2,252.095149,,3707.544138,981.873315,supercritical_liquid
297.143668,23.993668,7500000.0,75.0,775.036604,0.00129,261.776875,1.2,252.099913,,3689.308953,981.06515,supercritical_liquid
297.22756,24.07756,7550000.0,75.5,775.41714,0.00129,261.841372,1.2,252.104678,,3671.418048,980.27093,supercritical_liquid
297.311172,24.161172,7600000.0,76.0,775.795656,0.001289,261.905838,1.2,252.109444,,3653.860864,979.490206,supercritical_liquid
297.394507,24.244507,7650000.0,76.5,776.17218,0.001288,261.970272,1.2,252.114212,,3636.627285,978.722558,supercritical_liquid
297.477568,24.327568,7700000.0,77.0,776.546743,0.001288,262.034675,1.2,252.118981,,3619.707614,977.967587,supercritical_liquid
297.560359,24.410359,7750000.0,77.5,776.919374,0.001287,262.099048,1.2,252.123753,,3603.092553,977.224919,supercritical_liquid
297.642883,24.492883,7800000.0,78.0,777.2901,0.001287,262.163389,1.2,252.128526,,3586.77318,976.494202,supercritical_liquid
297.725142,24.575142,7850000.0,78.5,777.658949,0.001286,262.2277,1.2,252.1333,,3570.740932,975.775099,supercritical_liquid
297.80714,24.65714,7900000.0,79.0,778.025947,0.001285,262.29198,1.2,252.138077,,3554.987583,975.067297,supercritical_liquid
297.888879,24.738879,7950000.0,79.5,778.391121,0.001285,262.35623,1.2,252.142856,,3539.50523,974.370493,supercritical_liquid
297.970362,24.820362,8000000.0,80.0,778.754496,0.001284,262.42045,1.2,252.147636,,3524.286277,973.684404,supercritical_liquid
298.051593,24.901593,8050000.0,80.5,779.116096,0.001284,262.484641,1.2,252.152419,,3509.323418,973.00876,supercritical_liquid
298.132573,24.982573,8100000.0,81.0,779.475947,0.001283,262.548801,1.2,252.157204,,3494.609625,972.343302,supercritical_liquid
298.213305,25.063305,8150000.0,81.5,779.834071,0.001282,262.612932,1.2,252.161991,,3480.138133,971.687786,supercritical_liquid
298.293792,25.143792,8200000.0,82.0,780.190492,0.001282,262.677033,1.2,252.16678,,3465.902429,971.041977,supercritical_liquid
298.374037,25.224037,8250000.0,82.5,780.545233,0.001281,262.741106,1.2,252.171571,,3451.896239,970.405651,supercritical_liquid
298.454041,25.304041,8300000.0,83.0,780.898315,0.001281,262.805149,1.2,252.176364,,3438.113518,969.778595,supercritical_liquid
298.533808,25.383808,8350000.0,83.5,781.249761,0.00128,262.869163,1.2,252.18116,,3424.548439,969.160603,supercritical_liquid
298.61334,25.46334,8400000.0,84.0,781.599591,0.001279,262.933149,1.2,252.185958,,3411.195383,968.551478,supercritical_liquid
298.692639,25.542639,8450000.0,84.5,781.947826,0.001279,262.997106,1.2,252.190759,,3398.048932,967.951031,supercritical_liquid
298.771707,25.621707,8500000.0,85.0,782.294486,0.001278,263.061035,1.2,252.195561,,3385.103854,967.359081,supercritical_liquid
298.850547,25.700547,8550000.0,85.5,782.639592,0.001278,263.124935,1.2,252.200367,,3372.355103,966.775453,supercritical_liquid
298.929161,25.779161,8600000.0,86.0,782.983162,0.001277,263.188808,1.2,252.205174,,3359.797805,966.199978,supercritical_liquid
299.007551,25.857551,8650000.0,86.5,783.325217,0.001277,263.252652,1.2,252.209985,,3347.427251,965.632494,supercritical_liquid
299.085719,25.935719,8700000.0,87.0,783.665773,0.001276,263.316469,1.2,252.214797,,3335.238894,965.072843,supercritical_liquid
299.163668,26.013668,8750000.0,87.5,784.00485,0.001276,263.380258,1.2,252.219612,,3323.228339,964.520874,supercritical_liquid
299.241399,26.091399,8800000.0,88.0,784.342465,0.001275,263.444019,1.2,252.22443,,3311.391334,963.976439,supercritical_liquid
299.318914,26.168914,8850000.0,88.5,784.678637,0.001274,263.507753,1.2,252.22925,,3299.723772,963.439397,supercritical_liquid
299.396217,26.246217,8900000.0,89.0,785.013382,0.001274,263.57146,1.2,252.234073,,3288.221678,962.909609,supercritical_liquid
299.473307,26.323307,8950000.0,89.5,785.346716,0.001273,263.635139,1.2,252.238899,,3276.881204,962.386941,supercritical_liquid
299.550189,26.400189,9000000.0,90.0,785.678658,0.001273,263.698792,1.2,252.243727,,3265.698628,961.871263,supercritical_liquid
299.626862,26.476862,9050000.0,90.5,786.009222,0.001272,263.762418,1.2,252.248558,,3254.670347,961.362449,supercritical_liquid
299.70333,26.55333,9100000.0,91.0,786.338425,0.001272,263.826017,1.2,252.253392,,3243.792871,960.860376,supercritical_liquid
299.779594,26.629594,9150000.0,91.5,786.666282,0.001271,263.88959,1.2,252.258228,,3233.062819,960.364924,supercritical_liquid
299.855655,26.705655,9200000.0,92.0,786.992808,0.001271,263.953136,1.2,252.263067,,3222.476914,959.875976,supercritical_liquid
299.931516,26.781516,9250000.0,92.5,787.318019,0.00127,264.016656,1.2,252.267909,,3212.031984,959.393419,supercritical_liquid
300.007179,26.857179,9300000.0,93.0,787.641929,0.00127,264.080149,1.2,252.272754,,3201.724951,958.917142,supercritical_liquid
300.082645,26.932645,9350000.0,93.5,787.964553,0.001269,264.143617,1.2,252.277601,,3191.55283,958.447036,supercritical_liquid
300.157916,27.007916,9400000.0,94.0,788.285905,0.001269,264.207059,1.2,252.282451,,3181.512728,957.982997,supercritical_liquid
300.232993,27.082993,9450000.0,94.5,788.605999,0.001268,264.270475,1.2,252.287304,,3171.601837,957.524921,supercritical_liquid
300.307878,27.157878,9500000.0,95.0,788.924848,0.001268,264.333865,1.2,252.29216,,3161.817433,957.072707,supercritical_liquid
300.382573,27.232573,9550000.0,95.5,789.242466,0.001267,264.397229,1.2,252.297019,,3152.15687,956.626256,supercritical_liquid
300.457079,27.307079,9600000.0,96.0,789.558866,0.001267,264.460569,1.2,252.30188,,3142.617583,956.185472,supercritical_liquid
300.531398,27.381398,9650000.0,96.5,789.874061,0.001266,264.523882,1.2,252.306745,,3133.197077,955.750261,supercritical_liquid
300.605532,27.455532,9700000.0,97.0,790.188064,0.001266,264.587171,1.2,252.311612,,3123.892932,955.32053,supercritical_liquid
300.679482,27.529482,9750000.0,97.5,790.500887,0.001265,264.650435,1.2,252.316483,,3114.702796,954.896188,supercritical_liquid
300.753249,27.603249,9800000.0,98.0,790.812543,0.001265,264.713673,1.2,252.321356,,3105.624381,954.477148,supercritical_liquid
300.826835,27.676835,9850000.0,98.5,791.123043,0.001264,264.776887,1.2,252.326232,,3096.655468,954.063321,supercritical_liquid
300.900241,27.750241,9900000.0,99.0,791.432399,0.001264,264.840076,1.2,252.331111,,3087.793895,953.654624,supercritical_liquid
300.973469,27.823469,9950000.0,99.5,791.740623,0.001263,264.90324,1.2,252.335993,,3079.037563,953.250972,supercritical_liquid
301.04652,27.89652,10000000.0,100.0,792.047727,0.001263,264.96638,1.2,252.340878,,3070.384429,952.852283,supercritical_liquid
301.119396,27.969396,10050000.0,100.5,792.353722,0.001262,265.029495,1.2,252.345766,,3061.832506,952.458478,supercritical_liquid
301.192098,28.042098,10100000.0,101.0,792.658618,0.001262,265.092586,1.2,252.350657,,3053.379861,952.069477,supercritical_liquid
301.264627,28.114627,10150000.0,101.5,792.962427,0.001261,265.155653,1.2,252.355551,,3045.024612,951.685202,supercritical_liquid
301.336985,28.186985,10200000.0,102.0,793.265159,0.001261,265.218696,1.2,252.360448,,3036.764928,951.305579,supercritical_liquid
301.409173,28.259173,10250000.0,102.5,793.566825,0.00126,265.281714,1.2,252.365348,,3028.599026,950.930532,supercritical_liquid
301.481192,28.331192,10300000.0,103.0,793.867435,0.00126,265.344709,1.2,252.37025,,3020.525169,950.559988,supercritical_liquid
301.553043,28.403043,10350000.0,103.5,794.167,0.001259,265.40768,1.2,252.375156,,3012.541666,950.193876,supercritical_liquid
301.624728,28.474728,10400000.0,104.0,794.465528,0.001259,265.470627,1.2,252.380065,,3004.64687,949.832124,supercritical_liquid
301.696249,28.546249,10450000.0,104.5,794.763031,0.001258,265.533551,1.2,252.384977,,2996.839176,949.474663,supercritical_liquid
301.767605,28.617605,10500000.0,105.0,795.059518,0.001258,265.596451,1.2,252.389892,,2989.117018,949.121426,supercritical_liquid
301.838799,28.688799,10550000.0,105.5,795.354998,0.001257,265.659327,1.2,252.39481,,2981.478874,948.772345,supercritical_liquid
301.909831,28.759831,10600000.0,106.0,795.649481,0.001257,265.722181,1.2,252.399731,,2973.923254,948.427355,supercritical_liquid
301.980703,28.830703,10650000.0,106.5,795.942975,0.001256,265.785011,1.2,252.404655,,2966.448711,948.08639,supercritical_liquid
302.051416,28.901416,10700000.0,107.0,796.235491,0.001256,265.847818,1.2,252.409582,,2959.053831,947.749388,supercritical_liquid
302.121971,28.971971,10750000.0,107.5,796.527037,0.001255,265.910602,1.2,252.414513,,2951.737233,947.416286,supercritical_liquid
302.192369,29.042369,10800000.0,108.0,796.817621,0.001255,265.973363,1.2,252.419446,,2944.497574,947.087022,supercritical_liquid
302.262612,29.112612,10850000.0,108.5,797.107253,0.001255,266.036101,1.2,252.424382,,2937.333539,946.761537,supercritical_liquid
302.3327,29.1827,10900000.0,109.0,797.39594,0.001254,266.098817,1.2,252.429321,,2930.243849,946.439771,supercritical_liquid
302.402634,29.252634,10950000.0,109.5,797.683692,0.001254,266.161509,1.2,252.434264,,2923.227251,946.121665,supercritical_liquid
302.472416,29.322416,11000000.0,110.0,797.970517,0.001253,266.22418,1.2,252.439209,,2916.282525,945.807163,supercritical_liquid
302.542046,29.392046,11050000.0,110.5,798.256422,0.001253,266.286827,1.2,252.444158,,2909.408479,945.496209,supercritical_liquid
302.611526,29.461526,11100000.0,111.0,798.541416,0.001252,266.349453,1.2,252.449109,,2902.603947,945.188746,supercritical_liquid
302.680856,29.530856,11150000.0,111.5,798.825506,0.001252,266.412056,1.2,252.454064,,2895.867792,944.884721,supercritical_liquid
302.750039,29.600039,11200000.0,112.0,799.108701,0.001251,266.474637,1.2,252.459021,,2889.198904,944.58408,supercritical_liquid
302.819073,29.669073,11250000.0,112.5,799.391008,0.001251,266.537195,1.2,252.463982,,2882.596195,944.28677,supercritical_liquid
302.887962,29.737962,11300000.0,113.0,799.672435,0.001251,266.599732,1.2,252.468946,,2876.058606,943.99274,supercritical_liquid
302.956705,29.806705,11350000.0,113.5,799.952988,0.00125,266.662246,1.2,252.473913,,2869.585098,943.701938,supercritical_liquid
303.025303,29.875303,11400000.0,114.0,800.232676,0.00125,266.724739,1.2,252.478882,,2863.174657,943.414316,supercritical_liquid
303.093758,29.943758,11450000.0,114.5,800.511506,0.001249,266.78721,1.2,252.483855,,2856.826293,943.129823,supercritical_liquid
303.16207,30.01207,11500000.0,115.0,800.789484,0.001249,266.849659,1.2,252.488831,,2850.539035,942.848412,supercritical_liquid
303.230241,30.080241,11550000.0,115.5,801.066618,0.001248,266.912087,1.2,252.49381,,2844.311935,942.570035,supercritical_liquid
303.298271,30.148271,11600000.0,116.0,801.342914,0.001248,266.974493,1.2,252.498792,,2838.144066,942.294645,supercritical_liquid
303.366161,30.216161,11650000.0,116.5,801.61838,0.001247,267.036877,1.2,252.503778,,2832.03452,942.022196,supercritical_liquid
303.433913,30.283913,11700000.0,117.0,801.893022,0.001247,267.099241,1.2,252.508766,,2825.98241,941.752644,supercritical_liquid
303.501526,30.351526,11750000.0,117.5,802.166847,0.001247,267.161582,1.2,252.513757,,2819.986866,941.485943,supercritical_liquid
303.569002,30.419002,11800000.0,118.0,802.439861,0.001246,267.223903,1.2,252.518751,,2814.047039,941.222051,supercritical_liquid
303.636342,30.486342,11850000.0,118.5,802.712071,0.001246,267.286202,1.2,252.523748,,2808.162094,940.960924,supercritical_liquid
303.703546,30.553546,11900000.0,119.0,802.983483,0.001245,267.348481,1.2,252.528749,,2802.331219,940.70252,supercritical_liquid
303.770615,30.620615,11950000.0,119.5,803.254103,0.001245,267.410738,1.2,252.533752,,2796.553614,940.446797,supercritical_liquid
303.837551,30.687551,12000000.0,120.0,803.523938,0.001245,267.472974,1.2,252.538758,,2790.828497,940.193716,supercritical_liquid
303.904354,30.754354,12050000.0,120.5,803.792993,0.001244,267.53519,1.2,252.543768,,2785.155105,939.943235,supercritical_liquid
303.971025,30.821025,12100000.0,121.0,804.061276,0.001244,267.597384,1.2,252.54878,,2779.532686,939.695316,supercritical_liquid
304.037564,30.887564,12150000.0,121.5,804.32879,0.001243,267.659558,1.2,252.553795,,2773.960506,939.449919,supercritical_liquid
304.103973,30.953973,12200000.0,122.0,804.595544,0.001243,267.721712,1.2,252.558814,,2768.437846,939.207007,supercritical_liquid
304.170252,31.020252,12250000.0,122.5,804.861541,0.001242,267.783844,1.2,252.563835,,2762.964,938.966543,supercritical
304.236403,31.086403,12300000.0,123.0,805.126788,0.001242,267.845957,1.2,252.56886,,2757.538277,938.728488,supercritical
304.302425,31.152425,12350000.0,123.5,805.391291,0.001242,267.908049,1.2,252.573887,,2752.16,938.492808,supercritical
304.368319,31.218319,12400000.0,124.0,805.655055,0.001241,267.97012,1.2,252.578918,,2746.828504,938.259466,supercritical
304.434087,31.284087,12450000.0,124.5,805.918086,0.001241,268.032171,1.2,252.583951,,2741.543138,938.028429,supercritical
304.499729,31.349729,12500000.0,125.0,806.180388,0.00124,268.094202,1.2,252.588987,,2736.303263,937.79966,supercritical
304.565245,31.415245,12550000.0,125.5,806.441968,0.00124,268.156213,1.2,252.594027,,2731.108255,937.573127,supercritical
304.630638,31.480638,12600000.0,126.0,806.702831,0.00124,268.218204,1.2,252.599069,,2725.957497,937.348797,supercritical
304.695906,31.545906,12650000.0,126.5,806.962981,0.001239,268.280174,1.2,252.604114,,2720.850389,937.126636,supercritical
304.761052,31.611052,12700000.0,127.0,807.222424,0.001239,268.342125,1.2,252.609163,,2715.786339,936.906613,supercritical
304.826075,31.676075,12750000.0,127.5,807.481165,0.001238,268.404056,1.2,252.614214,,2710.764767,936.688697,supercritical
304.890976,31.740976,12800000.0,128.0,807.739209,0.001238,268.465967,1.2,252.619268,,2705.785104,936.472855,supercritical
304.955757,31.805757,12850000.0,128.5,807.996562,0.001238,268.527858,1.2,252.624325,,2700.846793,936.259058,supercritical
305.020417,31.870417,12900000.0,129.0,808.253227,0.001237,268.58973,1.2,252.629385,,2695.949285,936.047276,supercritical
305.084958,31.934958,12950000.0,129.5,808.509209,0.001237,268.651582,1.2,252.634448,,2691.092043,935.83748,supercritical
305.14938,31.99938,13000000.0,130.0,808.764515,0.001236,268.713414,1.2,252.639514,,2686.274538,935.62964,supercritical
305.213683,32.063683,13050000.0,130.5,809.019147,0.001236,268.775227,1.2,252.644583,,2681.496252,935.423728,supercritical
305.277869,32.127869,13100000.0,131.0,809.273111,0.001236,268.837021,1.2,252.649655,,2676.756677,935.219717,supercritical
305.341939,32.191939,13150000.0,131.5,809.526412,0.001235,268.898795,1.2,252.65473,,2672.055312,935.017578,supercritical
305.405891,32.255891,13200000.0,132.0,809.779053,0.001235,268.96055,1.2,252.659807,,2667.391667,934.817285,supercritical
305.469729,32.319729,13250000.0,132.5,810.03104,0.001235,269.022286,1.2,252.664888,,2662.765261,934.618812,supercritical
305.533451,32.383451,13300000.0,133.0,810.282377,0.001234,269.084002,1.2,252.669971,,2658.175618,934.422131,supercritical
305.597059,32.447059,13350000.0,133.5,810.533068,0.001234,269.145699,1.2,252.675057,,2653.622275,934.227219,supercritical
305.660553,32.510553,13400000.0,134.0,810.783118,0.001233,269.207378,1.2,252.680146,,2649.104775,934.034049,supercritical
305.723934,32.573934,13450000.0,134.5,811.03253,0.001233,269.269037,1.2,252.685238,,2644.622668,933.842597,supercritical
305.787202,32.637202,13500000.0,135.0,811.28131,0.001233,269.330677,1.2,252.690333,,2640.175513,933.652839,supercritical
305.850359,32.700359,13550000.0,135.5,811.529461,0.001232,269.392299,1.2,252.695431,,2635.762877,933.46475,supercritical
305.913404,32.763404,13600000.0,136.0,811.776987,0.001232,269.453901,1.2,252.700532,,2631.384334,933.278308,supercritical
305.976339,32.826339,13650000.0,136.5,812.023893,0.001231,269.515485,1.2,252.705635,,2627.039464,933.093489,supercritical
306.039163,32.889163,13700000.0,137.0,812.270183,0.001231,269.57705,1.2,252.710741,,2622.727857,932.910271,supercritical
306.101878,32.951878,13750000.0,137.5,812.51586,0.001231,269.638597,1.2,252.71585,,2618.449107,932.728631,supercritical
306.164484,33.014484,13800000.0,138.0,812.760928,0.00123,269.700125,1.2,252.720962,,2614.202817,932.548548,supercritical
306.226981,33.076981,13850000.0,138.5,813.005392,0.00123,269.761634,1.2,252.726077,,2609.988595,932.37,supercritical
306.289371,33.139371,13900000.0,139.0,813.249255,0.00123,269.823125,1.2,252.731195,,2605.806056,932.192966,supercritical
306.351653,33.201653,13950000.0,139.5,813.492522,0.001229,269.884598,1.2,252.736315,,2601.654823,932.017425,supercritical
306.413828,33.263828,14000000.0,140.0,813.735195,0.001229,269.946052,1.2,252.741438,,2597.534522,931.843358,supercritical
306.475898,33.325898,14050000.0,140.5,813.977278,0.001229,270.007488,1.2,252.746564,,2593.444789,931.670743,supercritical
306.537861,33.387861,14100000.0,141.0,814.218776,0.001228,270.068906,1.2,252.751693,,2589.385262,931.499562,supercritical
306.59972,33.44972,14150000.0,141.5,814.459693,0.001228,270.130305,1.2,252.756824,,2585.355588,931.329795,supercritical
306.661474,33.511474,14200000.0,142.0,814.70003,0.001227,270.191687,1.2,252.761958,,2581.355419,931.161423,supercritical
306.723124,33.573124,14250000.0,142.5,814.939793,0.001227,270.25305,1.2,252.767095,,2577.38441,930.994427,supercritical
306.78467,33.63467,14300000.0,143.0,815.178984,0.001227,270.314395,1.2,252.772235,,2573.442226,930.82879,supercritical
306.846114,33.696114,14350000.0,143.5,815.417608,0.001226,270.375722,1.2,252.777378,,2569.528533,930.664493,supercritical
306.907455,33.757455,14400000.0,144.0,815.655667,0.001226,270.437032,1.2,252.782523,,2565.643005,930.501518,supercritical
306.968694,33.818694,14450000.0,144.5,815.893166,0.001226,270.498323,1.2,252.787671,,2561.785321,930.339849,supercritical
307.029831,33.879831,14500000.0,145.0,816.130107,0.001225,270.559597,1.2,252.792822,,2557.955164,930.179467,supercritical
307.090868,33.940868,14550000.0,145.5,816.366494,0.001225,270.620853,1.2,252.797975,,2554.152222,930.020357,supercritical
307.151804,34.001804,14600000.0,146.0,816.60233,0.001225,270.682091,1.2,252.803131,,2550.376189,929.862502,supercritical
307.21264,34.06264,14650000.0,146.5,816.837618,0.001224,270.743311,1.2,252.80829,,2546.626762,929.705886,supercritical
307.273377,34.123377,14700000.0,147.0,817.072363,0.001224,270.804514,1.2,252.813452,,2542.903645,929.550492,supercritical
307.334015,34.184015,14750000.0,147.5,817.306566,0.001224,270.865699,1.2,252.818616,,2539.206544,929.396306,supercritical
307.394554,34.244554,14800000.0,148.0,817.540231,0.001223,270.926867,1.2,252.823783,,2535.535171,929.243312,supercritical
307.454995,34.304995,14850000.0,148.5,817.773362,0.001223,270.988018,1.2,252.828952,,2531.889243,929.091494,supercritical
307.515339,34.365339,14900000.0,149.0,818.005961,0.001222,271.04915,1.2,252.834124,,2528.268479,928.940839,supercritical
307.575586,34.425586,14950000.0,149.5,818.238032,0.001222,271.110266,1.2,252.839299,,2524.672604,928.791331,supercritical
307.635736,34.485736,15000000.0,150.0,818.469577,0.001222,271.171364,1.2,252.844477,,2521.101347,928.642957,supercritical
307.695789,34.545789,15050000.0,150.5,818.7006,0.001221,271.232445,1.2,252.849657,,2517.55444,928.495702,supercritical
307.755748,34.605748,15100000.0,151.0,818.931103,0.001221,271.293509,1.2,252.85484,,2514.031621,928.349552,supercritical
307.81561,34.66561,15150000.0,151.5,819.161091,0.001221,271.354556,1.2,252.860025,,2510.53263,928.204494,supercritical
307.875379,34.725379,15200000.0,152.0,819.390564,0.00122,271.415585,1.2,252.865213,,2507.057211,928.060515,supercritical
307.935052,34.785052,15250000.0,152.5,819.619528,0.00122,271.476598,1.2,252.870404,,2503.605113,927.917602,supercritical
307.994632,34.844632,15300000.0,153.0,819.847983,0.00122,271.537593,1.2,252.875597,,2500.176088,927.775741,supercritical
308.054119,34.904119,15350000.0,153.5,820.075934,0.001219,271.598572,1.2,252.880793,,2496.769891,927.634921,supercritical
308.113512,34.963512,15400000.0,154.0,820.303383,0.001219,271.659533,1.2,252.885991,,2493.386281,927.495128,supercritical
308.172813,35.022813,15450000.0,154.5,820.530333,0.001219,271.720478,1.2,252.891192,,2490.025021,927.356351,supercritical
308.232022,35.082022,15500000.0,155.0,820.756787,0.001218,271.781405,1.2,252.896396,,2486.685876,927.218578,supercritical
308.291139,35.141139,15550000.0,155.5,820.982747,0.001218,271.842316,1.2,252.901602,,2483.368616,927.081796,supercritical
308.350164,35.200164,15600000.0,156.0,821.208216,0.001218,271.903211,1.2,252.90681,,2480.073014,926.945995,supercritical
308.409099,35.259099,15650000.0,156.5,821.433197,0.001217,271.964088,1.2,252.912022,,2476.798845,926.811164,supercritical
308.467943,35.317943,15700000.0,157.0,821.657692,0.001217,272.024949,1.2,252.917235,,2473.545889,926.67729,supercritical
308.526698,35.376698,15750000.0,157.5,821.881705,0.001217,272.085793,1.2,252.922452,,2470.313927,926.544363,supercritical
308.585362,35.435362,15800000.0,158.0,822.105238,0.001216,272.146621,1.2,252.927671,,2467.102745,926.412372,supercritical
308.643938,35.493938,15850000.0,158.5,822.328293,0.001216,272.207432,1.2,252.932892,,2463.912131,926.281307,supercritical
308.702424,35.552424,15900000.0,159.0,822.550873,0.001216,272.268227,1.2,252.938116,,2460.741876,926.151157,supercritical
308.760822,35.610822,15950000.0,159.5,822.77298,0.001215,272.329005,1.2,252.943342,,2457.591774,926.021913,supercritical
308.819132,35.669132,16000000.0,160.0,822.994618,0.001215,272.389767,1.2,252.948571,,2454.461622,925.893564,supercritical
308.877355,35.727355,16050000.0,160.5,823.215789,0.001215,272.450513,1.2,252.953802,,2451.351219,925.7661,supercritical
308.93549,35.78549,16100000.0,161.0,823.436494,0.001214,272.511242,1.2,252.959036,,2448.260368,925.639511,supercritical
308.993538,35.843538,16150000.0,161.5,823.656737,0.001214,272.571955,1.2,252.964272,,2445.188874,925.513789,supercritical
309.0515,35.9015,16200000.0,162.0,823.87652,0.001214,272.632652,1.2,252.969511,,2442.136546,925.388923,supercritical
309.109375,35.959375,16250000.0,162.5,824.095846,0.001213,272.693333,1.2,252.974752,,2439.103192,925.264905,supercritical
309.167165,36.017165,16300000.0,163.0,824.314716,0.001213,272.753997,1.2,252.979996,,2436.088627,925.141726,supercritical
309.22487,36.07487,16350000.0,163.5,824.533134,0.001213,272.814646,1.2,252.985242,,2433.092665,925.019376,supercritical
309.28249,36.13249,16400000.0,164.0,824.751102,0.001212,272.875278,1.2,252.990491,,2430.115124,924.897848,supercritical
309.340025,36.190025,16450000.0,164.5,824.968621,0.001212,272.935894,1.2,252.995742,,2427.155826,924.777132,supercritical
309.397475,36.247475,16500000.0,165.0,825.185695,0.001212,272.996495,1.2,253.000995,,2424.214592,924.65722,supercritical
309.454842,36.304842,16550000.0,165.5,825.402325,0.001212,273.057079,1.2,253.006251,,2421.291248,924.538104,supercritical
309.512126,36.362126,16600000.0,166.0,825.618514,0.001211,273.117648,1.2,253.011509,,2418.385621,924.419775,supercritical
309.569326,36.419326,16650000.0,166.5,825.834264,0.001211,273.1782,1.2,253.01677,,2415.497541,924.302227,supercritical
309.626444,36.476444,16700000.0,167.0,826.049578,0.001211,273.238737,1.2,253.022033,,2412.626839,924.18545,supercritical
309.683479,36.533479,16750000.0,167.5,826.264457,0.00121,273.299259,1.2,253.027299,,2409.773351,924.069437,supercritical
309.740432,36.590432,16800000.0,168.0,826.478904,0.00121,273.359764,1.2,253.032566,,2406.936911,923.954181,supercritical
309.797303,36.647303,16850000.0,168.5,826.692921,0.00121,273.420254,1.2,253.037837,,2404.117359,923.839675,supercritical
309.854093,36.704093,16900000.0,169.0,826.90651,0.001209,273.480728,1.2,253.043109,,2401.314535,923.72591,supercritical
309.910802,36.760802,16950000.0,169.5,827.119673,0.001209,273.541186,1.2,253.048384,,2398.528281,923.612879,supercritical
309.96743,36.81743,17000000.0,170.0,827.332413,0.001209,273.601629,1.2,253.053661,,2395.758443,923.500577,supercritical
310.023978,36.873978,17050000.0,170.5,827.544731,0.001208,273.662057,1.2,253.058941,,2393.004866,923.388994,supercritical
310.080445,36.930445,17100000.0,171.0,827.75663,0.001208,273.722469,1.2,253.064223,,2390.267399,923.278126,supercritical
310.136833,36.986833,17150000.0,171.5,827.968112,0.001208,273.782865,1.2,253.069507,,2387.545893,923.167965,supercritical
310.193142,37.043142,17200000.0,172.0,828.179178,0.001207,273.843246,1.2,253.074794,,2384.8402,923.058504,supercritical
310.249372,37.099372,17250000.0,172.5,828.389832,0.001207,273.903612,1.2,253.080083,,2382.150174,922.949737,supercritical
310.305523,37.155523,17300000.0,173.0,828.600074,0.001207,273.963963,1.2,253.085374,,2379.47567,922.841658,supercritical
310.361596,37.211596,17350000.0,173.5,828.809907,0.001207,274.024298,1.2,253.090668,,2376.816548,922.73426,supercritical
310.41759,37.26759,17400000.0,174.0,829.019333,0.001206,274.084618,1.2,253.095963,,2374.172667,922.627537,supercritical
310.473507,37.323507,17450000.0,174.5,829.228354,0.001206,274.144922,1.2,253.101262,,2371.543887,922.521483,supercritical
310.529346,37.379346,17500000.0,175.0,829.436972,0.001206,274.205212,1.2,253.106562,,2368.930072,922.416093,supercritical
310.585109,37.435109,17550000.0,175.5,829.645188,0.001205,274.265486,1.2,253.111865,,2366.331087,922.311359,supercritical
310.640794,37.490794,17600000.0,176.0,829.853005,0.001205,274.325745,1.2,253.11717,,2363.746798,922.207277,supercritical
310.696404,37.546404,17650000.0,176.5,830.060425,0.001205,274.385989,1.2,253.122477,,2361.177074,922.10384,supercritical
310.751937,37.601937,17700000.0,177.0,830.26745,0.001204,274.446218,1.2,253.127786,,2358.621783,922.001044,supercritical
310.807394,37.657394,17750000.0,177.5,830.47408,0.001204,274.506432,1.2,253.133098,,2356.080798,921.898883,supercritical
310.862775,37.712775,17800000.0,178.0,830.680319,0.001204,274.566631,1.2,253.138412,,2353.553991,921.79735,supercritical
310.918082,37.768082,17850000.0,178.5,830.886169,0.001204,274.626816,1.2,253.143728,,2351.041236,921.696442,supercritical
310.973313,37.823313,17900000.0,179.0,831.09163,0.001203,274.686985,1.2,253.149047,,2348.54241,921.596152,supercritical
311.02847,37.87847,17950000.0,179.5,831.296705,0.001203,274.747139,1.2,253.154368,,2346.057389,921.496476,supercritical
311.083552,37.933552,18000000.0,180.0,831.501396,0.001203,274.807279,1.2,253.15969,,2343.586054,921.397408,supercritical
311.138561,37.988561,18050000.0,180.5,831.705704,0.001202,274.867404,1.2,253.165015,,2341.128283,921.298943,supercritical
311.193496,38.043496,18100000.0,181.0,831.909631,0.001202,274.927514,1.2,253.170343,,2338.68396,921.201078,supercritical
311.248357,38.098357,18150000.0,181.5,832.11318,0.001202,274.987609,1.2,253.175672,,2336.252966,921.103805,supercritical
311.303145,38.153145,18200000.0,182.0,832.316351,0.001201,275.04769,1.2,253.181004,,2333.835187,921.007122,supercritical
311.35786,38.20786,18250000.0,182.5,832.519147,0.001201,275.107756,1.2,253.186338,,2331.430508,920.911023,supercritical
311.412502,38.262502,18300000.0,183.0,832.721569,0.001201,275.167807,1.2,253.191674,,2329.038817,920.815504,supercritical
311.467073,38.317073,18350000.0,183.5,832.923619,0.001201,275.227844,1.2,253.197012,,2326.660003,920.72056,supercritical
311.521571,38.371571,18400000.0,184.0,833.125298,0.0012,275.287866,1.2,253.202353,,2324.293955,920.626187,supercritical
311.575997,38.425997,18450000.0,184.5,833.326609,0.0012,275.347874,1.2,253.207695,,2321.940564,920.532379,supercritical
311.630352,38.480352,18500000.0,185.0,833.527553,0.0012,275.407867,1.2,253.21304,,2319.599723,920.439134,supercritical
311.684636,38.534636,18550000.0,185.5,833.728132,0.001199,275.467846,1.2,253.218387,,2317.271326,920.346447,supercritical
311.738849,38.588849,18600000.0,186.0,833.928348,0.001199,275.52781,1.2,253.223736,,2314.955267,920.254312,supercritical
311.792991,38.642991,18650000.0,186.5,834.128201,0.001199,275.58776,1.2,253.229087,,2312.651444,920.162728,supercritical
311.847063,38.697063,18700000.0,187.0,834.327694,0.001199,275.647696,1.2,253.23444,,2310.359752,920.071688,supercritical
311.901065,38.751065,18750000.0,187.5,834.526828,0.001198,275.707617,1.2,253.239796,,2308.080091,919.98119,supercritical
311.954997,38.804997,18800000.0,188.0,834.725605,0.001198,275.767524,1.2,253.245153,,2305.81236,919.891229,supercritical
312.008859,38.858859,18850000.0,188.5,834.924027,0.001198,275.827417,1.2,253.250513,,2303.55646,919.801801,supercritical
312.062652,38.912652,18900000.0,189.0,835.122095,0.001197,275.887296,1.2,253.255874,,2301.312294,919.712903,supercritical
312.116376,38.966376,18950000.0,189.5,835.319811,0.001197,275.94716,1.2,253.261238,,2299.079763,919.624531,supercritical
312.170031,39.020031,19000000.0,190.0,835.517176,0.001197,276.00701,1.2,253.266604,,2296.858773,919.536681,supercritical
312.223618,39.073618,19050000.0,190.5,835.714191,0.001197,276.066846,1.2,253.271972,,2294.649229,919.44935,supercritical
312.277136,39.127136,19100000.0,191.0,835.910859,0.001196,276.126668,1.2,253.277342,,2292.451036,919.362533,supercritical
312.330587,39.180587,19150000.0,191.5,836.107181,0.001196,276.186476,1.2,253.282714,,2290.264103,919.276227,supercritical
312.383969,39.233969,19200000.0,192.0,836.303158,0.001196,276.24627,1.2,253.288088,,2288.088337,919.190429,supercritical
312.437284,39.287284,19250000.0,192.5,836.498793,0.001195,276.30605,1.2,253.293465,,2285.923649,919.105135,supercritical
312.490532,39.340532,19300000.0,193.0,836.694085,0.001195,276.365816,1.2,253.298843,,2283.769948,919.020342,supercritical
312.543713,39.393713,19350000.0,193.5,836.889038,0.001195,276.425568,1.2,253.304223,,2281.627145,918.936047,supercritical
312.596827,39.446827,19400000.0,194.0,837.083651,0.001195,276.485306,1.2,253.309606,,2279.495155,918.852245,supercritical
312.649874,39.499874,19450000.0,194.5,837.277928,0.001194,276.545031,1.2,253.31499,,2277.373889,918.768935,supercritical
312.702855,39.552855,19500000.0,195.0,837.471869,0.001194,276.604741,1.2,253.320377,,2275.263261,918.686112,supercritical
312.755771,39.605771,19550000.0,195.5,837.665476,0.001194,276.664438,1.2,253.325765,,2273.163189,918.603773,supercritical
312.80862,39.65862,19600000.0,196.0,837.85875,0.001194,276.72412,1.2,253.331156,,2271.073586,918.521916,supercritical
312.861404,39.711404,19650000.0,196.5,838.051692,0.001193,276.78379,1.2,253.336549,,2268.994371,918.440537,supercritical
312.914122,39.764122,19700000.0,197.0,838.244305,0.001193,276.843445,1.2,253.341943,,2266.925462,918.359633,supercritical
312.966776,39.816776,19750000.0,197.5,838.436589,0.001193,276.903087,1.2,253.34734,,2264.866777,918.279201,supercritical
313.019364,39.869364,19800000.0,198.0,838.628546,0.001192,276.962715,1.2,253.352738,,2262.818237,918.199238,supercritical
313.071888,39.921888,19850000.0,198.5,838.820177,0.001192,277.022329,1.2,253.358139,,2260.779761,918.119742,supercritical
313.124348,39.974348,19900000.0,199.0,839.011484,0.001192,277.08193,1.2,253.363541,,2258.751271,918.040709,supercritical
313.176744,40.026744,19950000.0,199.5,839.202467,0.001192,277.141517,1.2,253.368946,,2256.73269,917.962136,supercritical
313.229075,40.079075,20000000.0,200.0,839.393129,0.001191,277.20109,1.2,253.374353,,2254.723941,917.88402,supercritical
313.281343,40.131343,20050000.0,200.5,839.583471,0.001191,277.26065,1.2,253.379761,,2252.724947,917.80636,supercritical
313.333547,40.183547,20100000.0,201.0,839.773494,0.001191,277.320197,1.2,253.385172,,2250.735634,917.729151,supercritical
313.385689,40.235689,20150000.0,201.5,839.963199,0.001191,277.37973,1.2,253.390584,,2248.755927,917.652392,supercritical
313.437767,40.287767,20200000.0,202.0,840.152588,0.00119,277.43925,1.2,253.395998,,2246.785753,917.57608,supercritical
313.489782,40.339782,20250000.0,202.5,840.341661,0.00119,277.498756,1.2,253.401415,,2244.825037,917.500211,supercritical
313.541735,40.391735,20300000.0,203.0,840.530421,0.00119,277.558249,1.2,253.406833,,2242.87371,917.424784,supercritical
313.593625,40.443625,20350000.0,203.5,840.718869,0.001189,277.617729,1.2,253.412253,,2240.931698,917.349795,supercritical
313.645454,40.495454,20400000.0,204.0,840.907006,0.001189,277.677195,1.2,253.417675,,2238.998932,917.275243,supercritical
313.69722,40.54722,20450000.0,204.5,841.094832,0.001189,277.736648,1.2,253.423099,,2237.075341,917.201124,supercritical
313.748925,40.598925,20500000.0,205.0,841.28235,0.001189,277.796088,1.2,253.428525,,2235.160857,917.127436,supercritical
313.800568,40.650568,20550000.0,205.5,841.469561,0.001188,277.855514,1.2,253.433953,,2233.255411,917.054177,supercritical
313.85215,40.70215,20600000.0,206.0,841.656466,0.001188,277.914927,1.2,253.439383,,2231.358936,916.981344,supercritical
313.903671,40.753671,20650000.0,206.5,841.843066,0.001188,277.974327,1.2,253.444815,,2229.471363,916.908935,supercritical
313.955131,40.805131,20700000.0,207.0,842.029363,0.001188,278.033714,1.2,253.450249,,2227.592628,916.836948,supercritical
314.006531,40.856531,20750000.0,207.5,842.215357,0.001187,278.093088,1.2,253.455684,,2225.722664,916.765379,supercritical
314.05787,40.90787,20800000.0,208.0,842.40105,0.001187,278.152449,1.2,253.461122,,2223.861406,916.694227,supercritical
314.109149,40.959149,20850000.0,208.5,842.586443,0.001187,278.211796,1.2,253.466561,,2222.008791,916.623489,supercritical
314.160367,41.010367,20900000.0,209.0,842.771538,0.001187,278.271131,1.2,253.472002,,2220.164753,916.553164,supercritical
314.211526,41.061526,20950000.0,209.5,842.956335,0.001186,278.330453,1.2,253.477445,,2218.329232,916.483248,supercritical
314.262626,41.112626,21000000.0,210.0,843.140836,0.001186,278.389761,1.2,253.48289,,2216.502163,916.41374,supercritical
314.313666,41.163666,21050000.0,210.5,843.325041,0.001186,278.449057,1.2,253.488337,,2214.683485,916.344637,supercritical
314.364647,41.214647,21100000.0,211.0,843.508953,0.001186,278.508339,1.2,253.493786,,2212.873138,916.275938,supercritical
314.415568,41.265568,21150000.0,211.5,843.692572,0.001185,278.567609,1.2,253.499236,,2211.07106,916.207639,supercritical
314.466431,41.316431,21200000.0,212.0,843.875899,0.001185,278.626866,1.2,253.504689,,2209.277191,916.139739,supercritical
314.517236,41.367236,21250000.0,212.5,844.058936,0.001185,278.68611,1.2,253.510143,,2207.491474,916.072236,supercritical
314.567982,41.417982,21300000.0,213.0,844.241684,0.001184,278.745341,1.2,253.515599,,2205.713847,916.005128,supercritical
314.618669,41.468669,21350000.0,213.5,844.424143,0.001184,278.804559,1.2,253.521057,,2203.944255,915.938412,supercritical
314.669299,41.519299,21400000.0,214.0,844.606316,0.001184,278.863765,1.2,253.526517,,2202.182638,915.872086,supercritical
314.719871,41.569871,21450000.0,214.5,844.788202,0.001184,278.922958,1.2,253.531978,,2200.42894,915.806149,supercritical
314.770385,41.620385,21500000.0,215.0,844.969804,0.001183,278.982138,1.2,253.537442,,2198.683105,915.740599,supercritical
314.820842,41.670842,21550000.0,215.5,845.151122,0.001183,279.041305,1.2,253.542907,,2196.945077,915.675432,supercritical
314.871242,41.721242,21600000.0,216.0,845.332158,0.001183,279.10046,1.2,253.548374,,2195.2148,915.610649,supercritical
314.921584,41.771584,21650000.0,216.5,845.512912,0.001183,279.159602,1.2,253.553843,,2193.492219,915.546245,supercritical
314.97187,41.82187,21700000.0,217.0,845.693386,0.001182,279.218731,1.2,253.559313,,2191.777281,915.48222,supercritical
315.022099,41.872099,21750000.0,217.5,845.87358,0.001182,279.277848,1.2,253.564786,,2190.069931,915.418572,supercritical
315.072271,41.922271,21800000.0,218.0,846.053496,0.001182,279.336952,1.2,253.57026,,2188.370117,915.355298,supercritical
315.122388,41.972388,21850000.0,218.5,846.233135,0.001182,279.396044,1.2,253.575736,,2186.677785,915.292397,supercritical
315.172448,42.022448,21900000.0,219.0,846.412498,0.001181,279.455123,1.2,253.581214,,2184.992884,915.229867,supercritical
315.222452,42.072452,21950000.0,219.5,846.591586,0.001181,279.51419,1.2,253.586694,,2183.315362,915.167705,supercritical
315.2724,42.1224,22000000.0,220.0,846.7704,0.001181,279.573244,1.2,253.592175,,2181.645167,915.105911,supercritical
315.322293,42.172293,22050000.0,220.5,846.948941,0.001181,279.632285,1.2,253.597658,,2179.982249,915.044482,supercritical
315.37213,42.22213,22100000.0,221.0,847.12721,0.00118,279.691315,1.2,253.603143,,2178.326559,914.983417,supercritical
315.421912,42.271912,22150000.0,221.5,847.305208,0.00118,279.750331,1.2,253.60863,,2176.678045,914.922713,supercritical
315.471639,42.321639,22200000.0,222.0,847.482937,0.00118,279.809336,1.2,253.614118,,2175.036659,914.86237,supercritical
315.521311,42.371311,22250000.0,222.5,847.660396,0.00118,279.868328,1.2,253.619608,,2173.402351,914.802384,supercritical
315.570929,42.420929,22300000.0,223.0,847.837588,0.001179,279.927308,1.2,253.6251,,2171.775075,914.742755,supercritical
315.620491,42.470491,22350000.0,223.5,848.014513,0.001179,279.986275,1.2,253.630594,,2170.154781,914.68348,supercritical
315.67,42.52,22400000.0,224.0,848.191172,0.001179,280.04523,1.2,253.63609,,2168.541423,914.624558,supercritical
315.719454,42.569454,22450000.0,224.5,848.367567,0.001179,280.104173,1.2,253.641587,,2166.934953,914.565987,supercritical
315.768855,42.618855,22500000.0,225.0,848.543697,0.001178,280.163104,1.2,253.647086,,2165.335325,914.507766,supercritical
315.818201,42.668201,22550000.0,225.5,848.719565,0.001178,280.222022,1.2,253.652586,,2163.742493,914.449892,supercritical
315.867494,42.717494,22600000.0,226.0,848.895171,0.001178,280.280928,1.2,253.658089,,2162.15641,914.392364,supercritical
315.916733,42.766733,22650000.0,226.5,849.070515,0.001178,280.339822,1.2,253.663593,,2160.577033,914.335181,supercritical
315.965919,42.815919,22700000.0,227.0,849.2456,0.001178,280.398704,1.2,253.669098,,2159.004316,914.278341,supercritical
316.015052,42.865052,22750000.0,227.5,849.420426,0.001177,280.457574,1.2,253.674606,,2157.438214,914.221841,supercritical
316.064132,42.914132,22800000.0,228.0,849.594994,0.001177,280.516431,1.2,253.680115,,2155.878683,914.165681,supercritical
316.113159,42.963159,22850000.0,228.5,849.769305,0.001177,280.575277,1.2,253.685626,,2154.325681,914.109859,supercritical
316.162133,43.012133,22900000.0,229.0,849.94336,0.001177,280.63411,1.2,253.691139,,2152.779164,914.054373,supercritical
316.211055,43.061055,22950000.0,229.5,850.11716,0.001176,280.692932,1.2,253.696653,,2151.239088,913.999222,supercritical
316.259924,43.109924,23000000.0,230.0,850.290705,0.001176,280.751741,1.2,253.702169,,2149.705412,913.944403,supercritical
316.308742,43.158742,23050000.0,230.5,850.463997,0.001176,280.810539,1.2,253.707687,,2148.178094,913.889916,supercritical
316.357507,43.207507,23100000.0,231.0,850.637037,0.001176,280.869324,1.2,253.713206,,2146.657091,913.835759,supercritical
316.40622,43.25622,23150000.0,231.5,850.809825,0.001175,280.928098,1.2,253.718727,,2145.142363,913.78193,supercritical
316.454882,43.304882,23200000.0,232.0,850.982362,0.001175,280.986859,1.2,253.72425,,2143.633869,913.728428,supercritical
316.503492,43.353492,23250000.0,232.5,851.15465,0.001175,281.045609,1.2,253.729774,,2142.131568,913.675252,supercritical
316.552051,43.402051,23300000.0,233.0,851.326689,0.001175,281.104347,1.2,253.7353,,2140.63542,913.622398,supercritical
316.600558,43.450558,23350000.0,233.5,851.498481,0.001174,281.163073,1.2,253.740828,,2139.145385,913.569867,supercritical
316.649015,43.499015,23400000.0,234.0,851.670025,0.001174,281.221787,1.2,253.746357,,2137.661424,913.517657,supercritical
316.69742,43.54742,23450000.0,234.5,851.841323,0.001174,281.280489,1.2,253.751888,,2136.183498,913.465766,supercritical
316.745775,43.595775,23500000.0,235.0,852.012375,0.001174,281.339179,1.2,253.75742,,2134.711567,913.414192,supercritical
316.794079,43.644079,23550000.0,235.5,852.183184,0.001173,281.397858,1.2,253.762955,,2133.245595,913.362935,supercritical
316.842333,43.692333,23600000.0,236.0,852.353749,0.001173,281.456525,1.2,253.768491,,2131.785541,913.311992,supercritical
316.890536,43.740536,23650000.0,236.5,852.524071,0.001173,281.51518,1.2,253.774028,,2130.33137,913.261362,supercritical
316.938689,43.788689,23700000.0,237.0,852.694152,0.001173,281.573824,1.2,253.779567,,2128.883042,913.211044,supercritical
316.986793,43.836793,23750000.0,237.5,852.863991,0.001173,281.632456,1.2,253.785108,,2127.440522,913.161037,supercritical
317.034846,43.884846,23800000.0,238.0,853.033591,0.001172,281.691076,1.2,253.790651,,2126.003773,913.111338,supercritical
317.082849,43.932849,23850000.0,238.5,853.202951,0.001172,281.749684,1.2,253.796195,,2124.572758,913.061947,supercritical
317.130804,43.980804,23900000.0,239.0,853.372073,0.001172,281.808281,1.2,253.80174,,2123.147441,913.012862,supercritical
317.178708,44.028708,23950000.0,239.5,853.540957,0.001172,281.866867,1.2,253.807288,,2121.727786,912.964081,supercritical
317.226564,44.076564,24000000.0,240.0,853.709605,0.001171,281.92544,1.2,253.812836,,2120.313758,912.915604,supercritical
317.27437,44.12437,24050000.0,240.5,853.878016,0.001171,281.984002,1.2,253.818387,,2118.905321,912.867428,supercritical
317.322127,44.172127,24100000.0,241.0,854.046193,0.001171,282.042553,1.2,253.823939,,2117.502441,912.819553,supercritical
317.369835,44.219835,24150000.0,241.5,854.214135,0.001171,282.101092,1.2,253.829493,,2116.105084,912.771976,supercritical
317.417495,44.267495,24200000.0,242.0,854.381844,0.00117,282.15962,1.2,253.835048,,2114.713214,912.724698,supercritical
317.465106,44.315106,24250000.0,242.5,854.54932,0.00117,282.218136,1.2,253.840605,,2113.326799,912.677715,supercritical
317.512669,44.362669,24300000.0,243.0,854.716565,0.00117,282.276641,1.2,253.846163,,2111.945803,912.631027,supercritical
317.560184,44.410184,24350000.0,243.5,854.883578,0.00117,282.335134,1.2,253.851723,,2110.570195,912.584633,supercritical
317.60765,44.45765,24400000.0,244.0,855.050361,0.00117,282.393616,1.2,253.857285,,2109.19994,912.538531,supercritical
317.655068,44.505068,24450000.0,244.5,855.216915,0.001169,282.452086,1.2,253.862848,,2107.835007,912.49272,supercritical
317.702439,44.552439,24500000.0,245.0,855.383239,0.001169,282.510545,1.2,253.868413,,2106.475362,912.447198,supercritical
317.749762,44.599762,24550000.0,245.5,855.549336,0.001169,282.568993,1.2,253.873979,,2105.120973,912.401964,supercritical
317.797037,44.647037,24600000.0,246.0,855.715206,0.001169,282.627429,1.2,253.879547,,2103.771808,912.357017,supercritical
317.844265,44.694265,24650000.0,246.5,855.88085,0.001168,282.685854,1.2,253.885116,,2102.427835,912.312356,supercritical
317.891445,44.741445,24700000.0,247.0,856.046267,0.001168,282.744268,1.2,253.890687,,2101.089024,912.267978,supercritical
317.938579,44.788579,24750000.0,247.5,856.211461,0.001168,282.80267,1.2,253.896259,,2099.755342,912.223884,supercritical
317.985665,44.835665,24800000.0,248.0,856.376429,0.001168,282.861061,1.2,253.901833,,2098.42676,912.180071,supercritical
318.032704,44.882704,24850000.0,248.5,856.541175,0.001167,282.919441,1.2,253.907409,,2097.103245,912.136538,supercritical
318.079697,44.929697,24900000.0,249.0,856.705698,0.001167,282.97781,1.2,253.912986,,2095.784768,912.093284,supercritical
318.126643,44.976643,24950000.0,249.5,856.869999,0.001167,283.036167,1.2,253.918565,,2094.471299,912.050307,supercritical
318.173543,45.023543,25000000.0,250.0,857.03408,0.001167,283.094514,1.2,253.924145,,2093.162807,912.007607,supercritical
318.220396,45.070396,25050000.0,250.5,857.197939,0.001167,283.152849,1.2,253.929727,,2091.859263,911.965183,supercritical
318.267203,45.117203,25100000.0,251.0,857.36158,0.001166,283.211173,1.2,253.93531,,2090.560638,911.923031,supercritical
318.313964,45.163964,25150000.0,251.5,857.525001,0.001166,283.269486,1.2,253.940895,,2089.266903,911.881153,supercritical
318.360679,45.210679,25200000.0,252.0,857.688204,0.001166,283.327787,1.2,253.946481,,2087.978027,911.839546,supercritical
318.407348,45.257348,25250000.0,252.5,857.85119,0.001166,283.386078,1.2,253.952069,,2086.693984,911.798208,supercritical
318.453971,45.303971,25300000.0,253.0,858.013959,0.001165,283.444358,1.2,253.957658,,2085.414743,911.75714,supercritical
318.500549,45.350549,25350000.0,253.5,858.176512,0.001165,283.502626,1.2,253.963249,,2084.140278,911.716339,supercritical
318.547081,45.397081,25400000.0,254.0,858.33885,0.001165,283.560884,1.2,253.968841,,2082.87056,911.675804,supercritical
318.593568,45.443568,25450000.0,254.5,858.500973,0.001165,283.619131,1.2,253.974435,,2081.60556,911.635535,supercritical
318.640009,45.490009,25500000.0,255.0,858.662882,0.001165,283.677366,1.2,253.98003,,2080.345253,911.595529,supercritical
318.686406,45.536406,25550000.0,255.5,858.824578,0.001164,283.735591,1.2,253.985627,,2079.08961,911.555786,supercritical
318.732758,45.582758,25600000.0,256.0,858.986062,0.001164,283.793804,1.2,253.991225,,2077.838603,911.516304,supercritical
318.779065,45.629065,25650000.0,256.5,859.147334,0.001164,283.852007,1.2,253.996825,,2076.592208,911.477083,supercritical
318.825327,45.675327,25700000.0,257.0,859.308395,0.001164,283.910199,1.2,254.002426,,2075.350395,911.43812,supercritical
318.871544,45.721544,25750000.0,257.5,859.469245,0.001164,283.96838,1.2,254.008029,,2074.11314,911.399415,supercritical
318.917717,45.767717,25800000.0,258.0,859.629886,0.001163,284.02655,1.2,254.013633,,2072.880416,911.360967,supercritical
318.963846,45.813846,25850000.0,258.5,859.790317,0.001163,284.084709,1.2,254.019239,,2071.652197,911.322774,supercritical
319.009931,45.859931,25900000.0,259.0,859.95054,0.001163,284.142857,1.2,254.024846,,2070.428456,911.284835,supercritical
319.055971,45.905971,25950000.0,259.5,860.110556,0.001163,284.200995,1.2,254.030454,,2069.209169,911.247149,supercritical
319.101967,45.951967,26000000.0,260.0,860.270364,0.001162,284.259121,1.2,254.036065,,2067.99431,911.209716,supercritical
319.14792,45.99792,26050000.0,260.5,860.429966,0.001162,284.317237,1.2,254.041676,,2066.783854,911.172532,supercritical
319.193829,46.043829,26100000.0,261.0,860.589362,0.001162,284.375342,1.2,254.047289,,2065.577775,911.135598,supercritical
319.239694,46.089694,26150000.0,261.5,860.748554,0.001162,284.433437,1.2,254.052903,,2064.376049,911.098913,supercritical
319.285516,46.135516,26200000.0,262.0,860.90754,0.001162,284.49152,1.2,254.058519,,2063.178651,911.062475,supercritical
319.331294,46.181294,26250000.0,262.5,861.066324,0.001161,284.549593,1.2,254.064136,,2061.985557,911.026282,supercritical
319.377029,46.227029,26300000.0,263.0,861.224903,0.001161,284.607655,1.2,254.069755,,2060.796742,910.990335,supercritical
319.422721,46.272721,26350000.0,263.5,861.383281,0.001161,284.665707,1.2,254.075375,,2059.612182,910.954631,supercritical
319.468369,46.318369,26400000.0,264.0,861.541457,0.001161,284.723748,1.2,254.080997,,2058.431854,910.919169,supercritical
319.513975,46.363975,26450000.0,264.5,861.699431,0.00116,284.781778,1.2,254.08662,,2057.255734,910.88395,supercritical
319.559538,46.409538,26500000.0,265.0,861.857205,0.00116,284.839797,1.2,254.092244,,2056.083798,910.84897,supercritical
319.605059,46.455059,26550000.0,265.5,862.014779,0.00116,284.897806,1.2,254.09787,,2054.916023,910.814229,supercritical
319.650536,46.500536,26600000.0,266.0,862.172153,0.00116,284.955805,1.2,254.103498,,2053.752386,910.779727,supercritical
319.695972,46.545972,26650000.0,266.5,862.329329,0.00116,285.013792,1.2,254.109126,,2052.592864,910.745461,supercritical
319.741365,46.591365,26700000.0,267.0,862.486307,0.001159,285.07177,1.2,254.114756,,2051.437433,910.711431,supercritical
319.786715,46.636715,26750000.0,267.5,862.643088,0.001159,285.129736,1.2,254.120388,,2050.286072,910.677636,supercritical
319.832024,46.682024,26800000.0,268.0,862.799671,0.001159,285.187692,1.2,254.126021,,2049.138758,910.644074,supercritical
319.87729,46.72729,26850000.0,268.5,862.956059,0.001159,285.245638,1.2,254.131655,,2047.995469,910.610745,supercritical
319.922515,46.772515,26900000.0,269.0,863.11225,0.001159,285.303573,1.2,254.137291,,2046.856182,910.577647,supercritical
319.967698,46.817698,26950000.0,269.5,863.268247,0.001158,285.361498,1.2,254.142928,,2045.720875,910.544779,supercritical
320.012839,46.862839,27000000.0,270.0,863.424049,0.001158,285.419412,1.2,254.148567,,2044.589528,910.512141,supercritical
320.057938,46.907938,27050000.0,270.5,863.579658,0.001158,285.477316,1.2,254.154206,,2043.462117,910.47973,supercritical
320.102996,46.952996,27100000.0,271.0,863.735073,0.001158,285.535209,1.2,254.159848,,2042.338622,910.447547,supercritical
320.148013,46.998013,27150000.0,271.5,863.890296,0.001158,285.593092,1.2,254.16549,,2041.219022,910.415589,supercritical
320.192988,47.042988,27200000.0,272.0,864.045327,0.001157,285.650965,1.2,254.171135,,2040.103295,910.383856,supercritical
320.237923,47.087923,27250000.0,272.5,864.200166,0.001157,285.708827,1.2,254.17678,,2038.99142,910.352347,supercritical
320.282816,47.132816,27300000.0,273.0,864.354814,0.001157,285.766678,1.2,254.182427,,2037.883377,910.321061,supercritical
320.327668,47.177668,27350000.0,273.5,864.509272,0.001157,285.82452,1.2,254.188075,,2036.779145,910.289996,supercritical
320.372479,47.222479,27400000.0,274.0,864.66354,0.001157,285.882351,1.2,254.193725,,2035.678702,910.259151,supercritical
320.41725,47.26725,27450000.0,274.5,864.81762,0.001156,285.940172,1.2,254.199375,,2034.58203,910.228527,supercritical
320.46198,47.31198,27500000.0,275.0,864.97151,0.001156,285.997982,1.2,254.205028,,2033.489108,910.19812,supercritical
320.506669,47.356669,27550000.0,275.5,865.125213,0.001156,286.055783,1.2,254.210681,,2032.399915,910.167931,supercritical
320.551318,47.401318,27600000.0,276.0,865.278728,0.001156,286.113573,1.2,254.216336,,2031.314433,910.137958,supercritical
320.595927,47.445927,27650000.0,276.5,865.432057,0.001155,286.171352,1.2,254.221993,,2030.23264,910.108201,supercritical
320.640496,47.490496,27700000.0,277.0,865.585199,0.001155,286.229122,1.2,254.22765,,2029.154517,910.078658,supercritical
320.685024,47.535024,27750000.0,277.5,865.738155,0.001155,286.286881,1.2,254.233309,,2028.080046,910.049328,supercritical
320.729512,47.579512,27800000.0,278.0,865.890926,0.001155,286.34463,1.2,254.23897,,2027.009206,910.02021,supercritical
320.773961,47.623961,27850000.0,278.5,866.043513,0.001155,286.402369,1.2,254.244632,,2025.941979,909.991303,supercritical
320.81837,47.66837,27900000.0,279.0,866.195915,0.001154,286.460098,1.2,254.250295,,2024.878345,909.962607,supercritical
320.862739,47.712739,27950000.0,279.5,866.348134,0.001154,286.517816,1.2,254.255959,,2023.818285,909.93412,supercritical
320.907068,47.757068,28000000.0,280.0,866.50017,0.001154,286.575525,1.2,254.261625,,2022.761781,909.90584,supercritical
320.951358,47.801358,28050000.0,280.5,866.652023,0.001154,286.633223,1.2,254.267292,,2021.708814,909.877768,supercritical
320.995608,47.845608,28100000.0,281.0,866.803695,0.001154,286.690911,1.2,254.27296,,2020.659366,909.849902,supercritical
321.039819,47.889819,28150000.0,281.5,866.955185,0.001153,286.74859,1.2,254.27863,,2019.613418,909.822241,supercritical
321.083991,47.933991,28200000.0,282.0,867.106494,0.001153,286.806258,1.2,254.284301,,2018.570952,909.794784,supercritical
321.128124,47.978124,28250000.0,282.5,867.257623,0.001153,286.863916,1.2,254.289973,,2017.531949,909.76753,supercritical
321.172218,48.022218,28300000.0,283.0,867.408573,0.001153,286.921564,1.2,254.295647,,2016.496393,909.740478,supercritical
321.216272,48.066272,28350000.0,283.5,867.559342,0.001153,286.979202,1.2,254.301322,,2015.464264,909.713628,supercritical
321.260288,48.110288,28400000.0,284.0,867.709934,0.001152,287.03683,1.2,254.306998,,2014.435546,909.686977,supercritical
321.304266,48.154266,28450000.0,284.5,867.860347,0.001152,287.094447,1.2,254.312676,,2013.41022,909.660526,supercritical
321.348204,48.198204,28500000.0,285.0,868.010582,0.001152,287.152055,1.2,254.318354,,2012.388269,909.634272,supercritical
321.392104,48.242104,28550000.0,285.5,868.16064,0.001152,287.209653,1.2,254.324035,,2011.369676,909.608216,supercritical
321.435966,48.285966,28600000.0,286.0,868.310522,0.001152,287.267242,1.2,254.329716,,2010.354424,909.582356,supercritical
321.479789,48.329789,28650000.0,286.5,868.460227,0.001151,287.32482,1.2,254.335399,,2009.342496,909.556692,supercritical
321.523574,48.373574,28700000.0,287.0,868.609757,0.001151,287.382388,1.2,254.341083,,2008.333873,909.531221,supercritical
321.567321,48.417321,28750000.0,287.5,868.759111,0.001151,287.439946,1.2,254.346768,,2007.328541,909.505944,supercritical
321.61103,48.46103,28800000.0,288.0,868.908291,0.001151,287.497495,1.2,254.352455,,2006.326481,909.48086,supercritical
321.654701,48.504701,28850000.0,288.5,869.057297,0.001151,287.555033,1.2,254.358143,,2005.327678,909.455966,supercritical
321.698334,48.548334,28900000.0,289.0,869.206129,0.00115,287.612562,1.2,254.363832,,2004.332114,909.431264,supercritical
321.741929,48.591929,28950000.0,289.5,869.354788,0.00115,287.670081,1.2,254.369522,,2003.339774,909.40675,supercritical
321.785486,48.635486,29000000.0,290.0,869.503275,0.00115,287.72759,1.2,254.375214,,2002.350641,909.382426,supercritical
321.829006,48.679006,29050000.0,290.5,869.651589,0.00115,287.785089,1.2,254.380907,,2001.364698,909.358289,supercritical
321.872489,48.722489,29100000.0,291.0,869.799731,0.00115,287.842578,1.2,254.386601,,2000.381931,909.334339,supercritical
321.915933,48.765933,29150000.0,291.5,869.947703,0.001149,287.900058,1.2,254.392296,,1999.402322,909.310574,supercritical
321.959341,48.809341,29200000.0,292.0,870.095504,0.001149,287.957528,1.2,254.397993,,1998.425856,909.286994,supercritical
322.002711,48.852711,29250000.0,292.5,870.243134,0.001149,288.014988,1.2,254.403691,,1997.452518,909.263599,supercritical
322.046044,48.896044,29300000.0,293.0,870.390595,0.001149,288.072438,1.2,254.409391,,1996.482291,909.240386,supercritical
322.089341,48.939341,29350000.0,293.5,870.537887,0.001149,288.129879,1.2,254.415091,,1995.515161,909.217355,supercritical
322.1326,48.9826,29400000.0,294.0,870.685009,0.001149,288.18731,1.2,254.420793,,1994.551111,909.194506,supercritical
322.175822,49.025822,29450000.0,294.5,870.831964,0.001148,288.244731,1.2,254.426496,,1993.590127,909.171837,supercritical
322.219007,49.069007,29500000.0,295.0,870.978751,0.001148,288.302142,1.2,254.4322,,1992.632193,909.149347,supercritical
322.262156,49.112156,29550000.0,295.5,871.12537,0.001148,288.359544,1.2,254.437906,,1991.677294,909.127036,supercritical
322.305268,49.155268,29600000.0,296.0,871.271822,0.001148,288.416936,1.2,254.443612,,1990.725415,909.104902,supercritical
322.348344,49.198344,29650000.0,296.5,871.418108,0.001148,288.474319,1.2,254.44932,,1989.776541,909.082945,supercritical
322.391383,49.241383,29700000.0,297.0,871.564228,0.001147,288.531692,1.2,254.455029,,1988.830658,909.061164,supercritical
322.434385,49.284385,29750000.0,297.5,871.710183,0.001147,288.589055,1.2,254.46074,,1987.887751,909.039558,supercritical
322.477352,49.327352,29800000.0,298.0,871.855973,0.001147,288.646409,1.2,254.466451,,1986.947804,909.018125,supercritical
322.520282,49.370282,29850000.0,298.5,872.001597,0.001147,288.703753,1.2,254.472164,,1986.010805,908.996866,supercritical
322.563176,49.413176,29900000.0,299.0,872.147058,0.001147,288.761088,1.2,254.477878,,1985.076738,908.975779,supercritical
322.606034,49.456034,29950000.0,299.5,872.292355,0.001146,288.818413,1.2,254.483594,,1984.145588,908.954864,supercritical
322.648856,49.498856,30000000.0,300.0,872.437489,0.001146,288.875728,1.2,254.48931,,1983.217343,908.934119,supercritical
322.691643,49.541643,30050000.0,300.5,872.582461,0.001146,288.933034,1.2,254.495028,,1982.291987,908.913544,supercritical
322.734393,49.584393,30100000.0,301.0,872.727269,0.001146,288.99033,1.2,254.500747,,1981.369506,908.893137,supercritical
322.777108,49.627108,30150000.0,301.5,872.871916,0.001146,289.047617,1.2,254.506467,,1980.449888,908.872899,supercritical
322.819787,49.669787,30200000.0,302.0,873.016402,0.001145,289.104895,1.2,254.512188,,1979.533117,908.852828,supercritical
322.862431,49.712431,30250000.0,302.5,873.160726,0.001145,289.162163,1.2,254.517911,,1978.619181,908.832923,supercritical
322.905039,49.755039,30300000.0,303.0,873.30489,0.001145,289.219421,1.2,254.523635,,1977.708064,908.813183,supercritical
322.947612,49.797612,30350000.0,303.5,873.448894,0.001145,289.27667,1.2,254.52936,,1976.799755,908.793608,supercritical
322.99015,49.84015,30400000.0,304.0,873.592738,0.001145,289.33391,1.2,254.535086,,1975.894239,908.774196,supercritical
323.032652,49.882652,30450000.0,304.5,873.736423,0.001145,289.39114,1.2,254.540813,,1974.991504,908.754948,supercritical
323.075119,49.925119,30500000.0,305.0,873.879949,0.001144,289.448361,1.2,254.546542,,1974.091535,908.735861,supercritical
323.117551,49.967551,30550000.0,305.5,874.023317,0.001144,289.505572,1.2,254.552271,,1973.194319,908.716936,supercritical
323.159949,50.009949,30600000.0,306.0,874.166527,0.001144,289.562774,1.2,254.558002,,1972.299844,908.698171,supercritical
323.202311,50.052311,30650000.0,306.5,874.309579,0.001144,289.619967,1.2,254.563734,,1971.408097,908.679566,supercritical
323.244639,50.094639,30700000.0,307.0,874.452474,0.001144,289.67715,1.2,254.569468,,1970.519064,908.661119,supercritical
323.286932,50.136932,30750000.0,307.5,874.595212,0.001143,289.734324,1.2,254.575202,,1969.632732,908.64283,supercritical
323.32919,50.17919,30800000.0,308.0,874.737794,0.001143,289.791489,1.2,254.580938,,1968.749089,908.624699,supercritical
323.371414,50.221414,30850000.0,308.5,874.88022,0.001143,289.848644,1.2,254.586674,,1967.868122,908.606724,supercritical
323.413603,50.263603,30900000.0,309.0,875.022491,0.001143,289.90579,1.2,254.592412,,1966.989819,908.588904,supercritical
323.455758,50.305758,30950000.0,309.5,875.164607,0.001143,289.962927,1.2,254.598151,,1966.114167,908.571239,supercritical
323.497878,50.347878,31000000.0,310.0,875.306568,0.001142,290.020054,1.2,254.603892,,1965.241153,908.553728,supercritical
323.539965,50.389965,31050000.0,310.5,875.448375,0.001142,290.077173,1.2,254.609633,,1964.370765,908.53637,supercritical
323.582017,50.432017,31100000.0,311.0,875.590028,0.001142,290.134282,1.2,254.615376,,1963.502991,908.519165,supercritical
323.624035,50.474035,31150000.0,311.5,875.731527,0.001142,290.191381,1.2,254.621119,,1962.637819,908.50211,supercritical
323.666019,50.516019,31200000.0,312.0,875.872874,0.001142,290.248472,1.2,254.626864,,1961.775236,908.485207,supercritical
323.707969,50.557969,31250000.0,312.5,876.014068,0.001142,290.305553,1.2,254.63261,,1960.91523,908.468454,supercritical
323.749885,50.599885,31300000.0,313.0,876.15511,0.001141,290.362625,1.2,254.638357,,1960.05779,908.45185,supercritical
323.791768,50.641768,31350000.0,313.5,876.296,0.001141,290.419688,1.2,254.644106,,1959.202903,908.435394,supercritical
323.833616,50.683616,31400000.0,314.0,876.436739,0.001141,290.476742,1.2,254.649855,,1958.350557,908.419086,supercritical
323.875431,50.725431,31450000.0,314.5,876.577326,0.001141,290.533787,1.2,254.655606,,1957.500742,908.402925,supercritical
323.917213,50.767213,31500000.0,315.0,876.717763,0.001141,290.590822,1.2,254.661357,,1956.653445,908.38691,supercritical
323.958961,50.808961,31550000.0,315.5,876.85805,0.00114,290.647848,1.2,254.66711,,1955.808654,908.37104,supercritical
324.000676,50.850676,31600000.0,316.0,876.998187,0.00114,290.704866,1.2,254.672864,,1954.966358,908.355316,supercritical
324.042357,50.892357,31650000.0,316.5,877.138175,0.00114,290.761874,1.2,254.678619,,1954.126546,908.339734,supercritical
324.084005,50.934005,31700000.0,317.0,877.278013,0.00114,290.818873,1.2,254.684375,,1953.289206,908.324296,supercritical
324.12562,50.97562,31750000.0,317.5,877.417703,0.00114,290.875863,1.2,254.690133,,1952.454327,908.309001,supercritical
324.167202,51.017202,31800000.0,318.0,877.557245,0.00114,290.932844,1.2,254.695891,,1951.621897,908.293847,supercritical
324.20875,51.05875,31850000.0,318.5,877.696638,0.001139,290.989815,1.2,254.701651,,1950.791906,908.278834,supercritical
324.250266,51.100266,31900000.0,319.0,877.835885,0.001139,291.046778,1.2,254.707412,,1949.964342,908.263961,supercritical
324.291749,51.141749,31950000.0,319.5,877.974984,0.001139,291.103732,1.2,254.713173,,1949.139194,908.249227,supercritical
324.333199,51.183199,32000000.0,320.0,878.113936,0.001139,291.160677,1.2,254.718936,,1948.316451,908.234632,supercritical
324.374616,51.224616,32050000.0,320.5,878.252742,0.001139,291.217612,1.2,254.7247,,1947.496103,908.220176,supercritical
324.416001,51.266001,32100000.0,321.0,878.391402,0.001138,291.274539,1.2,254.730465,,1946.678138,908.205856,supercritical
324.457353,51.307353,32150000.0,321.5,878.529916,0.001138,291.331457,1.2,254.736232,,1945.862546,908.191673,supercritical
324.498672,51.348672,32200000.0,322.0,878.668285,0.001138,291.388366,1.2,254.741999,,1945.049316,908.177626,supercritical
324.539959,51.389959,32250000.0,322.5,878.806509,0.001138,291.445265,1.2,254.747768,,1944.238437,908.163713,supercritical
324.581214,51.431214,32300000.0,323.0,878.944589,0.001138,291.502156,1.2,254.753537,,1943.4299,908.149936,supercritical
324.622436,51.472436,32350000.0,323.5,879.082524,0.001138,291.559038,1.2,254.759308,,1942.623692,908.136292,supercritical
324.663626,51.513626,32400000.0,324.0,879.220316,0.001137,291.615911,1.2,254.765079,,1941.819804,908.122781,supercritical
324.704784,51.554784,32450000.0,324.5,879.357964,0.001137,291.672775,1.2,254.770852,,1941.018226,908.109402,supercritical
324.74591,51.59591,32500000.0,325.0,879.495469,0.001137,291.729631,1.2,254.776626,,1940.218946,908.096155,supercritical
324.787004,51.637004,32550000.0,325.5,879.632832,0.001137,291.786477,1.2,254.782401,,1939.421956,908.083038,supercritical
324.828065,51.678065,32600000.0,326.0,879.770052,0.001137,291.843314,1.2,254.788177,,1938.627244,908.070052,supercritical
324.869095,51.719095,32650000.0,326.5,879.90713,0.001136,291.900143,1.2,254.793954,,1937.834801,908.057196,supercritical
324.910093,51.760093,32700000.0,327.0,880.044066,0.001136,291.956963,1.2,254.799732,,1937.044616,908.044468,supercritical
324.951059,51.801059,32750000.0,327.5,880.180862,0.001136,292.013774,1.2,254.805512,,1936.25668,908.031869,supercritical
324.991994,51.841994,32800000.0,328.0,880.317516,0.001136,292.070576,1.2,254.811292,,1935.470982,908.019397,supercritical
325.032897,51.882897,32850000.0,328.5,880.45403,0.001136,292.127369,1.2,254.817074,,1934.687512,908.007052,supercritical
325.073768,51.923768,32900000.0,329.0,880.590403,0.001136,292.184154,1.2,254.822856,,1933.906262,907.994833,supercritical
325.114608,51.964608,32950000.0,329.5,880.726637,0.001135,292.240929,1.2,254.82864,,1933.12722,907.982739,supercritical
325.155416,52.005416,33000000.0,330.0,880.862731,0.001135,292.297696,1.2,254.834424,,1932.350378,907.97077,supercritical
325.196193,52.046193,33050000.0,330.5,880.998685,0.001135,292.354454,1.2,254.84021,,1931.575725,907.958926,supercritical
325.236939,52.086939,33100000.0,331.0,881.134501,0.001135,292.411204,1.2,254.845997,,1930.803252,907.947205,supercritical
325.277653,52.127653,33150000.0,331.5,881.270179,0.001135,292.467944,1.2,254.851784,,1930.03295,907.935607,supercritical
325.318337,52.168337,33200000.0,332.0,881.405718,0.001135,292.524676,1.2,254.857573,,1929.264809,907.924131,supercritical
325.358989,52.208989,33250000.0,332.5,881.54112,0.001134,292.581399,1.2,254.863363,,1928.498819,907.912777,supercritical
325.39961,52.24961,33300000.0,333.0,881.676384,0.001134,292.638114,1.2,254.869154,,1927.734972,907.901543,supercritical
325.4402,52.2902,33350000.0,333.5,881.811511,0.001134,292.69482,1.2,254.874946,,1926.973257,907.89043,supercritical
325.48076,52.33076,33400000.0,334.0,881.946501,0.001134,292.751517,1.2,254.880739,,1926.213666,907.879437,supercritical
325.521288,52.371288,33450000.0,334.5,882.081355,0.001134,292.808205,1.2,254.886533,,1925.456189,907.868562,supercritical
325.561786,52.411786,33500000.0,335.0,882.216072,0.001134,292.864885,1.2,254.892328,,1924.700818,907.857806,supercritical
325.602253,52.452253,33550000.0,335.5,882.350654,0.001133,292.921556,1.2,254.898124,,1923.947542,907.847168,supercritical
325.642689,52.492689,33600000.0,336.0,882.4851,0.001133,292.978219,1.2,254.903922,,1923.196354,907.836647,supercritical
325.683095,52.533095,33650000.0,336.5,882.619411,0.001133,293.034873,1.2,254.90972,,1922.447244,907.826242,supercritical
325.72347,52.57347,33700000.0,337.0,882.753587,0.001133,293.091518,1.2,254.915519,,1921.700203,907.815954,supercritical
325.763815,52.613815,33750000.0,337.5,882.887629,0.001133,293.148155,1.2,254.921319,,1920.955222,907.80578,supercritical
325.804129,52.654129,33800000.0,338.0,883.021537,0.001132,293.204783,1.2,254.92712,,1920.212293,907.795722,supercritical
325.844413,52.694413,33850000.0,338.5,883.15531,0.001132,293.261402,1.2,254.932923,,1919.471407,907.785777,supercritical
325.884667,52.734667,33900000.0,339.0,883.288951,0.001132,293.318013,1.2,254.938726,,1918.732554,907.775946,supercritical
325.924891,52.774891,33950000.0,339.5,883.422458,0.001132,293.374615,1.2,254.94453,,1917.995727,907.766228,supercritical
325.965084,52.815084,34000000.0,340.0,883.555832,0.001132,293.431209,1.2,254.950336,,1917.260916,907.756622,supercritical
326.005248,52.855248,34050000.0,340.5,883.689073,0.001132,293.487794,1.2,254.956142,,1916.528113,907.747128,supercritical
326.045381,52.895381,34100000.0,341.0,883.822183,0.001131,293.544371,1.2,254.96195,,1915.79731,907.737745,supercritical
326.085485,52.935485,34150000.0,341.5,883.95516,0.001131,293.600939,1.2,254.967758,,1915.068497,907.728472,supercritical
326.125558,52.975558,34200000.0,342.0,884.088006,0.001131,293.657499,1.2,254.973567,,1914.341667,907.719309,supercritical
326.165602,53.015602,34250000.0,342.5,884.22072,0.001131,293.71405,1.2,254.979378,,1913.616812,907.710256,supercritical
326.205616,53.055616,34300000.0,343.0,884.353304,0.001131,293.770593,1.2,254.985189,,1912.893922,907.701311,supercritical
326.2456,53.0956,34350000.0,343.5,884.485757,0.001131,293.827127,1.2,254.991001,,1912.17299,907.692475,supercritical
326.285555,53.135555,34400000.0,344.0,884.618079,0.00113,293.883653,1.2,254.996815,,1911.454007,907.683746,supercritical
326.32548,53.17548,34450000.0,344.5,884.750271,0.00113,293.94017,1.2,255.002629,,1910.736965,907.675124,supercritical
326.365375,53.215375,34500000.0,345.0,884.882334,0.00113,293.996679,1.2,255.008445,,1910.021856,907.666609,supercritical
326.405241,53.255241,34550000.0,345.5,885.014267,0.00113,294.05318,1.2,255.014261,,1909.308672,907.658199,supercritical
326.445078,53.295078,34600000.0,346.0,885.146071,0.00113,294.109672,1.2,255.020078,,1908.597405,907.649895,supercritical
326.484885,53.334885,34650000.0,346.5,885.277747,0.00113,294.166155,1.2,255.025897,,1907.888047,907.641696,supercritical
326.524663,53.374663,34700000.0,347.0,885.409293,0.001129,294.222631,1.2,255.031716,,1907.180589,907.633601,supercritical
326.564412,53.414412,34750000.0,347.5,885.540712,0.001129,294.279098,1.2,255.037536,,1906.475025,907.625609,supercritical
326.604132,53.454132,34800000.0,348.0,885.672002,0.001129,294.335556,1.2,255.043358,,1905.771345,907.617721,supercritical
326.643822,53.493822,34850000.0,348.5,885.803165,0.001129,294.392006,1.2,255.04918,,1905.069543,907.609936,supercritical
326.683484,53.533484,34900000.0,349.0,885.934201,0.001129,294.448448,1.2,255.055003,,1904.36961,907.602252,supercritical
326.723116,53.573116,34950000.0,349.5,886.065109,0.001129,294.504881,1.2,255.060827,,1903.671538,907.59467,supercritical
326.76272,53.61272,35000000.0,350.0,886.195891,0.001128,294.561306,1.2,255.066653,,1902.975321,907.587189,supercritical
