T_K,T_C,P_Pa,P_bar,rho_kg_m3,v_m3_kg,h_kJ_kg,s_kJ_kgK,u_kJ_kg,cp_J_kgK,cv_J_kgK,phase
173.15,-100.0,49607.195091,0.496072,1.0,1.0,298.979171,3.539905,249.371976,1005.463212,715.899373,supercritical_gas
175.15,-98.0,50182.688568,0.501827,1.0,1.0,300.986449,3.548127,250.80376,1005.404933,715.884947,supercritical_gas
177.15,-96.0,50758.167454,0.507582,1.0,1.0,302.993684,3.556255,252.235517,1005.349454,715.871877,supercritical_gas
179.15,-94.0,51333.632342,0.513336,1.0,1.0,305.000881,3.564292,253.667248,1005.296671,715.860131,supercritical_gas
181.15,-92.0,51909.083794,0.519091,1.0,1.0,307.008042,3.572239,255.098958,1005.24649,715.849677,supercritical_gas
183.15,-90.0,52484.522341,0.524845,1.0,1.0,309.01517,3.580099,256.530648,1005.198824,715.840494,supercritical_gas
185.15,-88.0,53059.948482,0.530599,1.0,1.0,311.022269,3.587874,257.962321,1005.153596,715.832559,supercritical_gas
187.15,-86.0,53635.36269,0.536354,1.0,1.0,313.029342,3.595565,259.393979,1005.110734,715.825859,supercritical_gas
189.15,-84.0,54210.765413,0.542108,1.0,1.0,315.036391,3.603174,260.825625,1005.070178,715.820381,supercritical_gas
191.15,-82.0,54786.157073,0.547862,1.0,1.0,317.043418,3.610703,262.257261,1005.031869,715.816117,supercritical_gas
193.15,-80.0,55361.538074,0.553615,1.0,1.0,319.050428,3.618154,263.68889,1004.995759,715.813063,supercritical_gas
195.15,-78.0,55936.908793,0.559369,1.0,1.0,321.057423,3.625528,265.120514,1004.961803,715.811217,supercritical_gas
197.15,-76.0,56512.269593,0.565123,1.0,1.0,323.064406,3.632826,266.552136,1004.929962,715.810581,supercritical_gas
199.15,-74.0,57087.620816,0.570876,1.0,1.0,325.071378,3.640051,267.983758,1004.900202,715.811159,supercritical_gas
201.15,-72.0,57662.962787,0.57663,1.0,1.0,327.078344,3.647204,269.415381,1004.872493,715.812957,supercritical_gas
203.15,-70.0,58238.295816,0.582383,1.0,1.0,329.085306,3.654286,270.84701,1004.846812,715.815986,supercritical_gas
205.15,-68.0,58813.620196,0.588136,1.0,1.0,331.092266,3.661299,272.278646,1004.823137,715.820256,supercritical_gas
207.15,-66.0,59388.936207,0.593889,1.0,1.0,333.099228,3.668244,273.710292,1004.801451,715.825781,supercritical_gas
209.15,-64.0,59964.244116,0.599642,1.0,1.0,335.106194,3.675122,275.14195,1004.78174,715.832576,supercritical_gas
211.15,-62.0,60539.544177,0.605395,1.0,1.0,337.113167,3.681934,276.573623,1004.763995,715.840658,supercritical_gas
213.15,-60.0,61114.836631,0.611148,1.0,1.0,339.12015,3.688683,278.005314,1004.748208,715.850047,supercritical_gas
215.15,-58.0,61690.121711,0.616901,1.0,1.0,341.127146,3.695368,279.437024,1004.734374,715.860763,supercritical_gas
217.15,-56.0,62265.399636,0.622654,1.0,1.0,343.134157,3.701992,280.868758,1004.722493,715.872827,supercritical_gas
219.15,-54.0,62840.670617,0.628407,1.0,1.0,345.141187,3.708556,282.300517,1004.712565,715.886263,supercritical_gas
221.15,-52.0,63415.934855,0.634159,1.0,1.0,347.148239,3.715059,283.732304,1004.704592,715.901095,supercritical_gas
223.15,-50.0,63991.192543,0.639912,1.0,1.0,349.155314,3.721505,285.164122,1004.698581,715.917349,supercritical_gas
225.15,-48.0,64566.443864,0.645664,1.0,1.0,351.162418,3.727893,286.595974,1004.694539,715.93505,supercritical_gas
227.15,-46.0,65141.688995,0.651417,1.0,1.0,353.169552,3.734224,288.027863,1004.692474,715.954227,supercritical_gas
229.15,-44.0,65716.928104,0.657169,1.0,1.0,355.17672,3.7405,289.459792,1004.692397,715.974908,supercritical_gas
231.15,-42.0,66292.161353,0.662922,1.0,1.0,357.183925,3.746722,290.891764,1004.694322,715.997122,supercritical_gas
233.15,-40.0,66867.388897,0.668674,1.0,1.0,359.19117,3.752891,292.323781,1004.698261,716.020898,supercritical_gas
235.15,-38.0,67442.610884,0.674426,1.0,1.0,361.198459,3.759007,293.755848,1004.70423,716.046267,supercritical_gas
237.15,-36.0,68017.827457,0.680178,1.0,1.0,363.205795,3.765072,295.187968,1004.712245,716.07326,supercritical_gas
239.15,-34.0,68593.038753,0.68593,1.0,1.0,365.213181,3.771085,296.620143,1004.722325,716.101909,supercritical_gas
241.15,-32.0,69168.244903,0.691682,1.0,1.0,367.220621,3.777049,298.052376,1004.734487,716.132245,supercritical_gas
243.15,-30.0,69743.446033,0.697434,1.0,1.0,369.228119,3.782964,299.484673,1004.748751,716.164302,supercritical_gas
245.15,-28.0,70318.642265,0.703186,1.0,1.0,371.235677,3.788831,300.917035,1004.765138,716.19811,supercritical_gas
247.15,-26.0,70893.833716,0.708938,1.0,1.0,373.2433,3.79465,302.349466,1004.783669,716.233704,supercritical_gas
249.15,-24.0,71469.020497,0.71469,1.0,1.0,375.250991,3.800423,303.781971,1004.804367,716.271116,supercritical_gas
251.15,-22.0,72044.202717,0.720442,1.0,1.0,377.258755,3.80615,305.214552,1004.827252,716.31038,supercritical_gas
253.15,-20.0,72619.38048,0.726194,1.0,1.0,379.266594,3.811832,306.647214,1004.85235,716.35153,supercritical_gas
255.15,-18.0,73194.553886,0.731946,1.0,1.0,381.274513,3.817469,308.079959,1004.879683,716.394598,supercritical_gas
257.15,-16.0,73769.723032,0.737697,1.0,1.0,383.282516,3.823063,309.512793,1004.909276,716.439619,supercritical_gas
259.15,-14.0,74344.888011,0.743449,1.0,1.0,385.290607,3.828614,310.945719,1004.941154,716.486626,supercritical_gas
261.15,-12.0,74920.048913,0.7492,1.0,1.0,387.29879,3.834122,312.378741,1004.97534,716.535652,supercritical_gas
263.15,-10.0,75495.205825,0.754952,1.0,1.0,389.307069,3.839589,313.811863,1005.011861,716.586732,supercritical_gas
265.15,-8.0,76070.35883,0.760704,1.0,1.0,391.315448,3.845015,315.245089,1005.050742,716.639899,supercritical_gas
267.15,-6.0,76645.508009,0.766455,1.0,1.0,393.323932,3.8504,316.678424,1005.092008,716.695185,supercritical_gas
269.15,-4.0,77220.65344,0.772207,1.0,1.0,395.332525,3.855746,318.111872,1005.135685,716.752624,supercritical_gas
271.15,-2.0,77795.795199,0.777958,1.0,1.0,397.341231,3.861053,319.545436,1005.181798,716.812249,supercritical_gas
273.15,0.0,78370.933359,0.783709,1.0,1.0,399.350055,3.866321,320.979122,1005.230374,716.874093,supercritical_gas
275.15,2.0,78946.06799,0.789461,1.0,1.0,401.359002,3.871551,322.412934,1005.281438,716.938188,supercritical_gas
277.15,4.0,79521.19916,0.795212,1.0,1.0,403.368076,3.876743,323.846876,1005.335016,717.004566,supercritical_gas
279.15,6.0,80096.326936,0.800963,1.0,1.0,405.377281,3.881899,325.280954,1005.391134,717.073259,supercritical_gas
281.15,8.0,80671.451382,0.806715,1.0,1.0,407.386622,3.887019,326.715171,1005.449817,717.144299,supercritical_gas
283.15,10.0,81246.572558,0.812466,1.0,1.0,409.396105,3.892102,328.149533,1005.51109,717.217716,supercritical_gas
285.15,12.0,81821.690526,0.818217,1.0,1.0,411.405734,3.897151,329.584043,1005.574979,717.293542,supercritical_gas
287.15,14.0,82396.805344,0.823968,1.0,1.0,413.415514,3.902165,331.018708,1005.641509,717.371807,supercritical_gas
289.15,16.0,82971.917067,0.829719,1.0,1.0,415.425449,3.907144,332.453532,1005.710705,717.45254,supercritical_gas
291.15,18.0,83547.025751,0.83547,1.0,1.0,417.435546,3.91209,333.88852,1005.782591,717.535772,supercritical_gas
293.15,20.0,84122.131448,0.841221,1.0,1.0,419.445809,3.917002,335.323677,1005.857191,717.62153,supercritical_gas
295.15,22.0,84697.23421,0.846972,1.0,1.0,421.456242,3.921882,336.759008,1005.934529,717.709845,supercritical_gas
297.15,24.0,85272.334087,0.852723,1.0,1.0,423.466852,3.926729,338.194518,1006.014629,717.800743,supercritical_gas
299.15,26.0,85847.431128,0.858474,1.0,1.0,425.477644,3.931544,339.630213,1006.097514,717.894253,supercritical_gas
301.15,28.0,86422.525378,0.864225,1.0,1.0,427.488622,3.936328,341.066097,1006.183207,717.990401,supercritical_gas
303.15,30.0,86997.616885,0.869976,1.0,1.0,429.499793,3.941081,342.502176,1006.27173,718.089214,supercritical_gas
305.15,32.0,87572.705692,0.875727,1.0,1.0,431.511161,3.945803,343.938456,1006.363105,718.190718,supercritical_gas
307.15,34.0,88147.791844,0.881478,1.0,1.0,433.522733,3.950496,345.374941,1006.457353,718.294938,supercritical_gas
309.15,36.0,88722.87538,0.887229,1.0,1.0,435.534513,3.955158,346.811637,1006.554496,718.401898,supercritical_gas
311.15,38.0,89297.956344,0.89298,1.0,1.0,437.546507,3.959791,348.24855,1006.654554,718.511624,supercritical_gas
313.15,40.0,89873.034773,0.89873,1.0,1.0,439.55872,3.964395,349.685686,1006.757547,718.624137,supercritical_gas
315.15,42.0,90448.110708,0.904481,1.0,1.0,441.571159,3.96897,351.123049,1006.863495,718.739462,supercritical_gas
317.15,44.0,91023.184185,0.910232,1.0,1.0,443.583829,3.973517,352.560645,1006.972417,718.85762,supercritical_gas
319.15,46.0,91598.255242,0.915983,1.0,1.0,445.596736,3.978037,353.998481,1007.08433,718.978634,supercritical_gas
321.15,48.0,92173.323913,0.921733,1.0,1.0,447.609886,3.982529,355.436562,1007.199254,719.102523,supercritical_gas
323.15,50.0,92748.390234,0.927484,1.0,1.0,449.623283,3.986994,356.874893,1007.317205,719.229309,supercritical_gas
325.15,52.0,93323.454239,0.933235,1.0,1.0,451.636935,3.991432,358.313481,1007.4382,719.359011,supercritical_gas
327.15,54.0,93898.51596,0.938985,1.0,1.0,453.650847,3.995843,359.752331,1007.562255,719.491648,supercritical_gas
329.15,56.0,94473.57543,0.944736,1.0,1.0,455.665025,4.000229,361.191449,1007.689386,719.627237,supercritical_gas
331.15,58.0,95048.63268,0.950486,1.0,1.0,457.679475,4.004589,362.630842,1007.819608,719.765798,supercritical_gas
333.15,60.0,95623.687741,0.956237,1.0,1.0,459.694202,4.008923,364.070515,1007.952934,719.907346,supercritical_gas
335.15,62.0,96198.740642,0.961987,1.0,1.0,461.709214,4.013232,365.510473,1008.08938,720.051897,supercritical_gas
337.15,64.0,96773.791413,0.967738,1.0,1.0,463.724516,4.017517,366.950724,1008.228957,720.199468,supercritical_gas
339.15,66.0,97348.840083,0.973488,1.0,1.0,465.740113,4.021777,368.391273,1008.371678,720.350073,supercritical_gas
341.15,68.0,97923.886678,0.979239,1.0,1.0,467.756013,4.026013,369.832127,1008.517555,720.503726,supercritical_gas
343.15,70.0,98498.931226,0.984989,1.0,1.0,469.772221,4.030225,371.27329,1008.666599,720.66044,supercritical_gas
345.15,72.0,99073.973753,0.99074,1.0,1.0,471.788744,4.034414,372.71477,1008.81882,720.820228,supercritical_gas
347.15,74.0,99649.014286,0.99649,1.0,1.0,473.805587,4.038579,374.156573,1008.974229,720.983102,supercritical_gas
349.15,76.0,100224.05285,1.002241,1.0,1.0,475.822758,4.042721,375.598705,1009.132834,721.149073,supercritical_gas
351.15,78.0,100799.089468,1.007991,1.0,1.0,477.840261,4.046841,377.041172,1009.294644,721.318151,supercritical_gas
353.15,80.0,101374.124167,1.013741,1.0,1.0,479.858104,4.050938,378.48398,1009.459666,721.490346,supercritical_gas
355.15,82.0,101949.156968,1.019492,1.0,1.0,481.876292,4.055013,379.927135,1009.627908,721.665667,supercritical_gas
357.15,84.0,102524.187895,1.025242,1.0,1.0,483.894832,4.059066,381.370644,1009.799376,721.844123,supercritical_gas
359.15,86.0,103099.21697,1.030992,1.0,1.0,485.913731,4.063097,382.814514,1009.974077,722.025721,supercritical_gas
361.15,88.0,103674.244217,1.036742,1.0,1.0,487.932993,4.067108,384.258749,1010.152014,722.210467,supercritical_gas
363.15,90.0,104249.269655,1.042493,1.0,1.0,489.952627,4.071097,385.703358,1010.333192,722.398368,supercritical_gas
365.15,92.0,104824.293307,1.048243,1.0,1.0,491.972638,4.075065,387.148345,1010.517616,722.58943,supercritical_gas
367.15,94.0,105399.315193,1.053993,1.0,1.0,493.993033,4.079012,388.593717,1010.705288,722.783657,supercritical_gas
369.15,96.0,105974.335334,1.059743,1.0,1.0,496.013817,4.082939,390.039482,1010.896211,722.981052,supercritical_gas
371.15,98.0,106549.353748,1.065494,1.0,1.0,498.034997,4.086846,391.485644,1011.090386,723.18162,supercritical_gas
373.15,100.0,107124.370456,1.071244,1.0,1.0,500.056581,4.090733,392.93221,1011.287814,723.385362,supercritical_gas
375.15,102.0,107699.385477,1.076994,1.0,1.0,502.078573,4.094601,394.379187,1011.488496,723.592281,supercritical_gas
377.15,104.0,108274.398829,1.082744,1.0,1.0,504.10098,4.098449,395.826581,1011.692432,723.802378,supercritical_gas
379.15,106.0,108849.410531,1.088494,1.0,1.0,506.123809,4.102277,397.274399,1011.899621,724.015652,supercritical_gas
381.15,108.0,109424.420599,1.094244,1.0,1.0,508.147067,4.106087,398.722646,1012.110061,724.232105,supercritical_gas
383.15,110.0,109999.429053,1.099994,1.0,1.0,510.170759,4.109878,400.171329,1012.32375,724.451735,supercritical_gas
385.15,112.0,110574.435909,1.105744,1.0,1.0,512.194891,4.11365,401.620455,1012.540685,724.674541,supercritical_gas
387.15,114.0,111149.441184,1.111494,1.0,1.0,514.219471,4.117404,403.07003,1012.760862,724.90052,supercritical_gas
389.15,116.0,111724.444894,1.117244,1.0,1.0,516.244504,4.12114,404.520059,1012.984278,725.12967,supercritical_gas
391.15,118.0,112299.447056,1.122994,1.0,1.0,518.269998,4.124858,405.970551,1013.210928,725.361986,supercritical_gas
393.15,120.0,112874.447686,1.128744,1.0,1.0,520.295957,4.128558,407.421509,1013.440806,725.597465,supercritical_gas
395.15,122.0,113449.446799,1.134494,1.0,1.0,522.322389,4.13224,408.872943,1013.673907,725.836102,supercritical_gas
397.15,124.0,114024.44441,1.140244,1.0,1.0,524.3493,4.135905,410.324856,1013.910223,726.077891,supercritical_gas
399.15,126.0,114599.440535,1.145994,1.0,1.0,526.376697,4.139553,411.777256,1014.149748,726.322826,supercritical_gas
401.15,128.0,115174.435189,1.151744,1.0,1.0,528.404585,4.143184,413.230149,1014.392474,726.570902,supercritical_gas
403.15,130.0,115749.428385,1.157494,1.0,1.0,530.43297,4.146798,414.683542,1014.638393,726.822109,supercritical_gas
405.15,132.0,116324.420138,1.163244,1.0,1.0,532.46186,4.150395,416.13744,1014.887495,727.07644,supercritical_gas
407.15,134.0,116899.410462,1.168994,1.0,1.0,534.49126,4.153976,417.59185,1015.139771,727.333888,supercritical_gas
409.15,136.0,117474.399371,1.174744,1.0,1.0,536.521177,4.157541,419.046778,1015.395211,727.594442,supercritical_gas
411.15,138.0,118049.386879,1.180494,1.0,1.0,538.551616,4.16109,420.50223,1015.653805,727.858093,supercritical_gas
413.15,140.0,118624.372997,1.186244,1.0,1.0,540.582585,4.164622,421.958212,1015.91554,728.124831,supercritical_gas
415.15,142.0,119199.35774,1.191994,1.0,1.0,542.614089,4.168139,423.414731,1016.180406,728.394644,supercritical_gas
417.15,144.0,119774.341121,1.197743,1.0,1.0,544.646134,4.171641,424.871793,1016.448391,728.667522,supercritical_gas
419.15,146.0,120349.323151,1.203493,1.0,1.0,546.678726,4.175126,426.329403,1016.71948,728.943453,supercritical_gas
421.15,148.0,120924.303843,1.209243,1.0,1.0,548.711872,4.178597,427.787568,1016.993662,729.222424,supercritical_gas
423.15,150.0,121499.28321,1.214993,1.0,1.0,550.745578,4.182052,429.246295,1017.270923,729.504422,supercritical_gas
425.15,152.0,122074.261263,1.220743,1.0,1.0,552.779849,4.185493,430.705588,1017.551247,729.789434,supercritical_gas
427.15,154.0,122649.238014,1.226492,1.0,1.0,554.814692,4.188919,432.165454,1017.834621,730.077446,supercritical_gas
429.15,156.0,123224.213474,1.232242,1.0,1.0,556.850113,4.19233,433.6259,1018.121028,730.368444,supercritical_gas
431.15,158.0,123799.187655,1.237992,1.0,1.0,558.886118,4.195726,435.08693,1018.410454,730.662411,supercritical_gas
433.15,160.0,124374.160569,1.243742,1.0,1.0,560.922712,4.199109,436.548551,1018.702883,730.959334,supercritical_gas
435.15,162.0,124949.132225,1.249491,1.0,1.0,562.959902,4.202477,438.01077,1018.998297,731.259196,supercritical_gas
437.15,164.0,125524.102635,1.255241,1.0,1.0,564.997693,4.20583,439.47359,1019.29668,731.561981,supercritical_gas
439.15,166.0,126099.07181,1.260991,1.0,1.0,567.036091,4.209171,440.937019,1019.598014,731.867672,supercritical_gas
441.15,168.0,126674.03976,1.26674,1.0,1.0,569.075103,4.212497,442.401063,1019.902281,732.176251,supercritical_gas
443.15,170.0,127249.006494,1.27249,1.0,1.0,571.114733,4.215809,443.865726,1020.209463,732.487702,supercritical_gas
445.15,172.0,127823.972025,1.27824,1.0,1.0,573.154988,4.219108,445.331016,1020.519542,732.802007,supercritical_gas
447.15,174.0,128398.93636,1.283989,1.0,1.0,575.195873,4.222394,446.796936,1020.832497,733.119146,supercritical_gas
449.15,176.0,128973.899511,1.289739,1.0,1.0,577.237394,4.225667,448.263494,1021.148311,733.439101,supercritical_gas
451.15,178.0,129548.861487,1.295489,1.0,1.0,579.279556,4.228926,449.730694,1021.466962,733.761853,supercritical_gas
453.15,180.0,130123.822297,1.301238,1.0,1.0,581.322366,4.232172,451.198543,1021.788432,734.087382,supercritical_gas
455.15,182.0,130698.781952,1.306988,1.0,1.0,583.365828,4.235406,452.667046,1022.112699,734.415669,supercritical_gas
457.15,184.0,131273.740459,1.312737,1.0,1.0,585.409948,4.238627,454.136208,1022.439742,734.746692,supercritical_gas
459.15,186.0,131848.697828,1.318487,1.0,1.0,587.454732,4.241835,455.606034,1022.76954,735.080433,supercritical_gas
461.15,188.0,132423.654069,1.324237,1.0,1.0,589.500185,4.245031,457.076531,1023.102073,735.416868,supercritical_gas
463.15,190.0,132998.60919,1.329986,1.0,1.0,591.546313,4.248214,458.547704,1023.437317,735.755978,supercritical_gas
465.15,192.0,133573.563199,1.335736,1.0,1.0,593.59312,4.251385,460.019557,1023.775251,736.097741,supercritical_gas
467.15,194.0,134148.516106,1.341485,1.0,1.0,595.640613,4.254544,461.492096,1024.115853,736.442135,supercritical_gas
469.15,196.0,134723.467919,1.347235,1.0,1.0,597.688795,4.257691,462.965327,1024.4591,736.789137,supercritical_gas
471.15,198.0,135298.418646,1.352984,1.0,1.0,599.737673,4.260826,464.439255,1024.804968,737.138726,supercritical_gas
473.15,200.0,135873.368296,1.358734,1.0,1.0,601.787252,4.263949,465.913884,1025.153436,737.490878,supercritical_gas
475.15,202.0,136448.316876,1.364483,1.0,1.0,603.837537,4.267061,467.38922,1025.504478,737.845572,supercritical_gas
477.15,204.0,137023.264394,1.370233,1.0,1.0,605.888532,4.270161,468.865268,1025.858073,738.202782,supercritical_gas
479.15,206.0,137598.210859,1.375982,1.0,1.0,607.940244,4.273249,470.342033,1026.214195,738.562487,supercritical_gas
481.15,208.0,138173.156278,1.381732,1.0,1.0,609.992676,4.276326,471.819519,1026.57282,738.924662,supercritical_gas
483.15,210.0,138748.100659,1.387481,1.0,1.0,612.045834,4.279392,473.297733,1026.933925,739.289283,supercritical_gas
485.15,212.0,139323.04401,1.39323,1.0,1.0,614.099722,4.282447,474.776678,1027.297485,739.656327,supercritical_gas
487.15,214.0,139897.986338,1.39898,1.0,1.0,616.154346,4.285491,476.25636,1027.663475,740.02577,supercritical_gas
489.15,216.0,140472.927649,1.404729,1.0,1.0,618.20971,4.288523,477.736783,1028.031869,740.397585,supercritical_gas
491.15,218.0,141047.867953,1.410479,1.0,1.0,620.26582,4.291545,479.217952,1028.402644,740.77175,supercritical_gas
493.15,220.0,141622.807255,1.416228,1.0,1.0,622.322679,4.294556,480.699871,1028.775773,741.148239,supercritical_gas
495.15,222.0,142197.745563,1.421977,1.0,1.0,624.380292,4.297557,482.182546,1029.151232,741.527027,supercritical_gas
497.15,224.0,142772.682884,1.427727,1.0,1.0,626.438664,4.300547,483.665981,1029.528995,741.908089,supercritical_gas
499.15,226.0,143347.619225,1.433476,1.0,1.0,628.497799,4.303526,485.15018,1029.909035,742.2914,supercritical_gas
501.15,228.0,143922.554592,1.439226,1.0,1.0,630.557703,4.306495,486.635148,1030.291328,742.676934,supercritical_gas
503.15,230.0,144497.488992,1.444975,1.0,1.0,632.618378,4.309454,488.120889,1030.675847,743.064665,supercritical_gas
505.15,232.0,145072.422432,1.450724,1.0,1.0,634.679831,4.312402,489.607408,1031.062567,743.454569,supercritical_gas
507.15,234.0,145647.354919,1.456474,1.0,1.0,636.742064,4.315341,491.094709,1031.45146,743.846619,supercritical_gas
509.15,236.0,146222.286459,1.462223,1.0,1.0,638.805083,4.318269,492.582796,1031.842501,744.240789,supercritical_gas
511.15,238.0,146797.217058,1.467972,1.0,1.0,640.868891,4.321188,494.071674,1032.235664,744.637053,supercritical_gas
513.15,240.0,147372.146722,1.473721,1.0,1.0,642.933492,4.324096,495.561346,1032.630922,745.035385,supercritical_gas
515.15,242.0,147947.075458,1.479471,1.0,1.0,644.998892,4.326995,497.051816,1033.028248,745.43576,supercritical_gas
517.15,244.0,148522.003273,1.48522,1.0,1.0,647.065093,4.329885,498.54309,1033.427615,745.83815,supercritical_gas
519.15,246.0,149096.930171,1.490969,1.0,1.0,649.132101,4.332764,500.03517,1033.828998,746.242529,supercritical_gas
521.15,248.0,149671.856159,1.496719,1.0,1.0,651.199918,4.335634,501.528061,1034.23237,746.648872,supercritical_gas
523.15,250.0,150246.781243,1.502468,1.0,1.0,653.268548,4.338495,503.021767,1034.637703,747.057151,supercritical_gas
525.15,252.0,150821.705429,1.508217,1.0,1.0,655.337997,4.341346,504.516291,1035.044972,747.46734,supercritical_gas
527.15,254.0,151396.628723,1.513966,1.0,1.0,657.408267,4.344188,506.011638,1035.454148,747.879413,supercritical_gas
529.15,256.0,151971.55113,1.519716,1.0,1.0,659.479361,4.347021,507.50781,1035.865206,748.293342,supercritical_gas
531.15,258.0,152546.472656,1.525465,1.0,1.0,661.551285,4.349845,509.004812,1036.278118,748.709103,supercritical_gas
533.15,260.0,153121.393306,1.531214,1.0,1.0,663.624041,4.35266,510.502648,1036.692858,749.126667,supercritical_gas
535.15,262.0,153696.313087,1.536963,1.0,1.0,665.697633,4.355465,512.00132,1037.109398,749.546008,supercritical_gas
537.15,264.0,154271.232003,1.542712,1.0,1.0,667.772065,4.358262,513.500833,1037.527712,749.967101,supercritical_gas
539.15,266.0,154846.150059,1.548462,1.0,1.0,669.84734,4.36105,515.00119,1037.947774,750.389917,supercritical_gas
541.15,268.0,155421.067262,1.554211,1.0,1.0,671.923461,4.36383,516.502394,1038.369555,750.814431,supercritical_gas
543.15,270.0,155995.983617,1.55996,1.0,1.0,674.000432,4.3666,518.004449,1038.793029,751.240616,supercritical_gas
545.15,272.0,156570.899128,1.565709,1.0,1.0,676.078257,4.369362,519.507357,1039.21817,751.668445,supercritical_gas
547.15,274.0,157145.813801,1.571458,1.0,1.0,678.156937,4.372115,521.011124,1039.644951,752.097893,supercritical_gas
549.15,276.0,157720.727641,1.577207,1.0,1.0,680.236478,4.37486,522.51575,1040.073344,752.528932,supercritical_gas
551.15,278.0,158295.640653,1.582956,1.0,1.0,682.316881,4.377597,524.02124,1040.503324,752.961535,supercritical_gas
553.15,280.0,158870.552842,1.588706,1.0,1.0,684.39815,4.380325,525.527597,1040.934864,753.395678,supercritical_gas
555.15,282.0,159445.464213,1.594455,1.0,1.0,686.480288,4.383045,527.034824,1041.367936,753.831332,supercritical_gas
557.15,284.0,160020.37477,1.600204,1.0,1.0,688.563298,4.385757,528.542924,1041.802514,754.268473,supercritical_gas
559.15,286.0,160595.284519,1.605953,1.0,1.0,690.647183,4.38846,530.051899,1042.238573,754.707073,supercritical_gas
561.15,288.0,161170.193464,1.611702,1.0,1.0,692.731946,4.391156,531.561753,1042.676085,755.147107,supercritical_gas
563.15,290.0,161745.101611,1.617451,1.0,1.0,694.81759,4.393843,533.072488,1043.115024,755.588548,supercritical_gas
565.15,292.0,162320.008962,1.6232,1.0,1.0,696.904117,4.396522,534.584108,1043.555364,756.031371,supercritical_gas
567.15,294.0,162894.915525,1.628949,1.0,1.0,698.99153,4.399194,536.096615,1043.997079,756.475548,supercritical_gas
569.15,296.0,163469.821301,1.634698,1.0,1.0,701.079832,4.401858,537.610011,1044.440143,756.921056,supercritical_gas
571.15,298.0,164044.726298,1.640447,1.0,1.0,703.169026,4.404514,539.1243,1044.884529,757.367867,supercritical_gas
573.15,300.0,164619.630518,1.646196,1.0,1.0,705.259114,4.407162,540.639483,1045.330211,757.815956,supercritical_gas
575.15,302.0,165194.533966,1.651945,1.0,1.0,707.350098,4.409802,542.155564,1045.777165,758.265297,supercritical_gas
577.15,304.0,165769.436647,1.657694,1.0,1.0,709.441982,4.412435,543.672545,1046.225363,758.715866,supercritical_gas
579.15,306.0,166344.338564,1.663443,1.0,1.0,711.534767,4.415061,545.190429,1046.674781,759.167635,supercritical_gas
581.15,308.0,166919.239723,1.669192,1.0,1.0,713.628456,4.417679,546.709217,1047.125394,759.620581,supercritical_gas
583.15,310.0,167494.140127,1.674941,1.0,1.0,715.723052,4.420289,548.228912,1047.577174,760.074678,supercritical_gas
585.15,312.0,168069.039781,1.68069,1.0,1.0,717.818556,4.422892,549.749516,1048.030098,760.529901,supercritical_gas
587.15,314.0,168643.938688,1.686439,1.0,1.0,719.914971,4.425488,551.271032,1048.48414,760.986224,supercritical_gas
589.15,316.0,169218.836854,1.692188,1.0,1.0,722.012299,4.428077,552.793462,1048.939276,761.443624,supercritical_gas
591.15,318.0,169793.734281,1.697937,1.0,1.0,724.110542,4.430658,554.316807,1049.395479,761.902075,supercritical_gas
593.15,320.0,170368.630974,1.703686,1.0,1.0,726.209702,4.433232,555.841071,1049.852726,762.361553,supercritical_gas
595.15,322.0,170943.526937,1.709435,1.0,1.0,728.309781,4.435799,557.366254,1050.310992,762.822033,supercritical_gas
597.15,324.0,171518.422174,1.715184,1.0,1.0,730.410782,4.438359,558.892359,1050.770252,763.283491,supercritical_gas
599.15,326.0,172093.316688,1.720933,1.0,1.0,732.512705,4.440912,560.419389,1051.230482,763.745903,supercritical_gas
601.15,328.0,172668.210484,1.726682,1.0,1.0,734.615554,4.443458,561.947344,1051.691658,764.209244,supercritical_gas
603.15,330.0,173243.103566,1.732431,1.0,1.0,736.71933,4.445997,563.476226,1052.153755,764.673492,supercritical_gas
605.15,332.0,173817.995937,1.73818,1.0,1.0,738.824034,4.448529,565.006038,1052.61675,765.138621,supercritical_gas
607.15,334.0,174392.887601,1.743929,1.0,1.0,740.929669,4.451054,566.536781,1053.080618,765.604608,supercritical_gas
609.15,336.0,174967.778561,1.749678,1.0,1.0,743.036236,4.453573,568.068457,1053.545337,766.071431,supercritical_gas
611.15,338.0,175542.668822,1.755427,1.0,1.0,745.143736,4.456085,569.601068,1054.010882,766.539064,supercritical_gas
613.15,340.0,176117.558387,1.761176,1.0,1.0,747.252172,4.45859,571.134614,1054.477231,767.007486,supercritical_gas
615.15,342.0,176692.447259,1.766924,1.0,1.0,749.361545,4.461089,572.669098,1054.94436,767.476674,supercritical_gas
617.15,344.0,177267.335443,1.772673,1.0,1.0,751.471857,4.463581,574.204521,1055.412246,767.946604,supercritical_gas
619.15,346.0,177842.222941,1.778422,1.0,1.0,753.583108,4.466066,575.740885,1055.880866,768.417253,supercritical_gas
621.15,348.0,178417.109758,1.784171,1.0,1.0,755.6953,4.468545,577.278191,1056.350197,768.8886,supercritical_gas
623.15,350.0,178991.995896,1.78992,1.0,1.0,757.808436,4.471017,578.81644,1056.820218,769.360621,supercritical_gas
625.15,352.0,179566.88136,1.795669,1.0,1.0,759.922515,4.473484,580.355634,1057.290905,769.833295,supercritical_gas
627.15,354.0,180141.766152,1.801418,1.0,1.0,762.03754,4.475943,581.895773,1057.762236,770.306599,supercritical_gas
629.15,356.0,180716.650276,1.807167,1.0,1.0,764.153511,4.478397,583.43686,1058.23419,770.780511,supercritical_gas
631.15,358.0,181291.533735,1.812915,1.0,1.0,766.27043,4.480844,584.978896,1058.706744,771.255011,supercritical_gas
633.15,360.0,181866.416533,1.818664,1.0,1.0,768.388297,4.483285,586.521881,1059.179876,771.730075,supercritical_gas
635.15,362.0,182441.298673,1.824413,1.0,1.0,770.507115,4.485719,588.065817,1059.653566,772.205684,supercritical_gas
637.15,364.0,183016.180158,1.830162,1.0,1.0,772.626884,4.488148,589.610704,1060.127791,772.681814,supercritical_gas
639.15,366.0,183591.060991,1.835911,1.0,1.0,774.747605,4.49057,591.156544,1060.602531,773.158446,supercritical_gas
641.15,368.0,184165.941176,1.841659,1.0,1.0,776.869279,4.492986,592.703338,1061.077765,773.635559,supercritical_gas
643.15,370.0,184740.820716,1.847408,1.0,1.0,778.991907,4.495397,594.251087,1061.553471,774.113132,supercritical_gas
645.15,372.0,185315.699614,1.853157,1.0,1.0,781.11549,4.497801,595.799791,1062.029629,774.591144,supercritical_gas
647.15,374.0,185890.577872,1.858906,1.0,1.0,783.240029,4.500199,597.349452,1062.506219,775.069574,supercritical_gas
649.15,376.0,186465.455495,1.864655,1.0,1.0,785.365525,4.502592,598.900069,1062.98322,775.548404,supercritical_gas
651.15,378.0,187040.332485,1.870403,1.0,1.0,787.491978,4.504978,600.451645,1063.460612,776.027612,supercritical_gas
653.15,380.0,187615.208845,1.876152,1.0,1.0,789.619389,4.507359,602.00418,1063.938375,776.507179,supercritical_gas
655.15,382.0,188190.084578,1.881901,1.0,1.0,791.747759,4.509734,603.557674,1064.41649,776.987085,supercritical_gas
657.15,384.0,188764.959688,1.88765,1.0,1.0,793.877088,4.512103,605.112129,1064.894936,777.467311,supercritical_gas
659.15,386.0,189339.834176,1.893398,1.0,1.0,796.007378,4.514466,606.667544,1065.373694,777.947838,supercritical_gas
661.15,388.0,189914.708047,1.899147,1.0,1.0,798.138628,4.516824,608.22392,1065.852745,778.428646,supercritical_gas
663.15,390.0,190489.581303,1.904896,1.0,1.0,800.27084,4.519175,609.781259,1066.332071,778.909716,supercritical_gas
665.15,392.0,191064.453946,1.910645,1.0,1.0,802.404013,4.521522,611.339559,1066.811651,779.391029,supercritical_gas
667.15,394.0,191639.32598,1.916393,1.0,1.0,804.538149,4.523862,612.898823,1067.291468,779.872568,supercritical_gas
669.15,396.0,192214.197408,1.922142,1.0,1.0,806.673247,4.526198,614.45905,1067.771503,780.354313,supercritical_gas
671.15,398.0,192789.068232,1.927891,1.0,1.0,808.809308,4.528527,616.02024,1068.251737,780.836247,supercritical_gas
673.15,400.0,193363.938455,1.933639,1.0,1.0,810.946333,4.530851,617.582395,1068.732153,781.318351,supercritical_gas
675.15,402.0,193938.808079,1.939388,1.0,1.0,813.084322,4.53317,619.145514,1069.212732,781.800607,supercritical_gas
677.15,404.0,194513.677109,1.945137,1.0,1.0,815.223274,4.535483,620.709597,1069.693457,782.282999,supercritical_gas
679.15,406.0,195088.545545,1.950885,1.0,1.0,817.363191,4.537791,622.274646,1070.17431,782.765507,supercritical_gas
681.15,408.0,195663.413392,1.956634,1.0,1.0,819.504073,4.540094,623.840659,1070.655274,783.248116,supercritical_gas
683.15,410.0,196238.280652,1.962383,1.0,1.0,821.645919,4.542391,625.407638,1071.136331,783.730807,supercritical_gas
685.15,412.0,196813.147326,1.968131,1.0,1.0,823.78873,4.544682,626.975583,1071.617464,784.213564,supercritical_gas
687.15,414.0,197388.013419,1.97388,1.0,1.0,825.932506,4.546969,628.544493,1072.098657,784.69637,supercritical_gas
689.15,416.0,197962.878932,1.979629,1.0,1.0,828.077247,4.54925,630.114368,1072.579893,785.179209,supercritical_gas
691.15,418.0,198537.743868,1.985377,1.0,1.0,830.222953,4.551526,631.685209,1073.061154,785.662064,supercritical_gas
693.15,420.0,199112.60823,1.991126,1.0,1.0,832.369625,4.553797,633.257016,1073.542426,786.144919,supercritical_gas
695.15,422.0,199687.47202,1.996875,1.0,1.0,834.517261,4.556063,634.829789,1074.023692,786.627757,supercritical_gas
697.15,424.0,200262.335241,2.002623,1.0,1.0,836.665863,4.558324,636.403527,1074.504935,787.110563,supercritical_gas
699.15,426.0,200837.197895,2.008372,1.0,1.0,838.815429,4.560579,637.978231,1074.98614,787.593322,supercritical_gas
701.15,428.0,201412.059985,2.014121,1.0,1.0,840.965961,4.56283,639.553901,1075.467292,788.076017,supercritical_gas
703.15,430.0,201986.921513,2.019869,1.0,1.0,843.117457,4.565075,641.130535,1075.948375,788.558633,supercritical_gas
705.15,432.0,202561.782481,2.025618,1.0,1.0,845.269918,4.567316,642.708135,1076.429373,789.041156,supercritical_gas
707.15,434.0,203136.642893,2.031366,1.0,1.0,847.423343,4.569551,644.2867,1076.910272,789.52357,supercritical_gas
709.15,436.0,203711.50275,2.037115,1.0,1.0,849.577732,4.571782,645.866229,1077.391056,790.00586,supercritical_gas
711.15,438.0,204286.362054,2.042864,1.0,1.0,851.733085,4.574007,647.446723,1077.871712,790.488011,supercritical_gas
713.15,440.0,204861.220809,2.048612,1.0,1.0,853.889402,4.576228,649.028181,1078.352224,790.97001,supercritical_gas
715.15,442.0,205436.079017,2.054361,1.0,1.0,856.046682,4.578444,650.610603,1078.832577,791.451842,supercritical_gas
717.15,444.0,206010.936679,2.060109,1.0,1.0,858.204925,4.580655,652.193988,1079.312759,791.933492,supercritical_gas
719.15,446.0,206585.793799,2.065858,1.0,1.0,860.364131,4.582861,653.778337,1079.792755,792.414948,supercritical_gas
721.15,448.0,207160.650378,2.071607,1.0,1.0,862.524299,4.585062,655.363648,1080.27255,792.896194,supercritical_gas
723.15,450.0,207735.506418,2.077355,1.0,1.0,864.685428,4.587259,656.949922,1080.752132,793.377218,supercritical_gas
725.15,452.0,208310.361923,2.083104,1.0,1.0,866.847519,4.589451,658.537157,1081.231486,793.858005,supercritical_gas
727.15,454.0,208885.216894,2.088852,1.0,1.0,869.01057,4.591638,660.125353,1081.7106,794.338544,supercritical_gas
729.15,456.0,209460.071333,2.094601,1.0,1.0,871.174582,4.59382,661.714511,1082.18946,794.81882,supercritical_gas
731.15,458.0,210034.925243,2.100349,1.0,1.0,873.339554,4.595998,663.304629,1082.668053,795.298821,supercritical_gas
733.15,460.0,210609.778625,2.106098,1.0,1.0,875.505485,4.598171,664.895706,1083.146366,795.778533,supercritical_gas
735.15,462.0,211184.631483,2.111846,1.0,1.0,877.672374,4.60034,666.487742,1083.624387,796.257945,supercritical_gas
737.15,464.0,211759.483818,2.117595,1.0,1.0,879.840221,4.602504,668.080738,1084.102103,796.737044,supercritical_gas
739.15,466.0,212334.335632,2.123343,1.0,1.0,882.009026,4.604663,669.67469,1084.579502,797.215817,supercritical_gas
741.15,468.0,212909.186928,2.129092,1.0,1.0,884.178787,4.606818,671.269601,1085.056571,797.694253,supercritical_gas
743.15,470.0,213484.037707,2.13484,1.0,1.0,886.349505,4.608968,672.865467,1085.5333,798.172339,supercritical_gas
745.15,472.0,214058.887972,2.140589,1.0,1.0,888.521178,4.611114,674.46229,1086.009674,798.650064,supercritical_gas
747.15,474.0,214633.737724,2.146337,1.0,1.0,890.693805,4.613255,676.060067,1086.485684,799.127416,supercritical_gas
749.15,476.0,215208.586967,2.152086,1.0,1.0,892.867386,4.615392,677.658799,1086.961318,799.604384,supercritical_gas
751.15,478.0,215783.435701,2.157834,1.0,1.0,895.04192,4.617525,679.258485,1087.436563,800.080956,supercritical_gas
753.15,480.0,216358.283929,2.163583,1.0,1.0,897.217407,4.619653,680.859123,1087.911409,800.557122,supercritical_gas
755.15,482.0,216933.131653,2.169331,1.0,1.0,899.393844,4.621777,682.460713,1088.385846,801.032869,supercritical_gas
757.15,484.0,217507.978874,2.17508,1.0,1.0,901.571233,4.623896,684.063254,1088.859861,801.508188,supercritical_gas
759.15,486.0,218082.825596,2.180828,1.0,1.0,903.749571,4.626011,685.666745,1089.333444,801.983067,supercritical_gas
761.15,488.0,218657.671819,2.186577,1.0,1.0,905.928858,4.628122,687.271186,1089.806585,802.457497,supercritical_gas
763.15,490.0,219232.517547,2.192325,1.0,1.0,908.109092,4.630228,688.876575,1090.279273,802.931466,supercritical_gas
765.15,492.0,219807.36278,2.198074,1.0,1.0,910.290274,4.63233,690.482911,1090.751498,803.404965,supercritical_gas
767.15,494.0,220382.20752,2.203822,1.0,1.0,912.472402,4.634428,692.090194,1091.22325,803.877983,supercritical_gas
769.15,496.0,220957.051771,2.209571,1.0,1.0,914.655475,4.636522,693.698423,1091.694518,804.350511,supercritical_gas
771.15,498.0,221531.895532,2.215319,1.0,1.0,916.839492,4.638611,695.307596,1092.165294,804.822538,supercritical_gas
773.15,500.0,222106.738808,2.221067,1.0,1.0,919.024452,4.640696,696.917713,1092.635566,805.294056,supercritical_gas
775.15,502.0,222681.581598,2.226816,1.0,1.0,921.210354,4.642777,698.528772,1093.105326,805.765054,supercritical_gas
777.15,504.0,223256.423906,2.232564,1.0,1.0,923.397197,4.644854,700.140773,1093.574565,806.235524,supercritical_gas
779.15,506.0,223831.265732,2.238313,1.0,1.0,925.584979,4.646927,701.753714,1094.043272,806.705455,supercritical_gas
781.15,508.0,224406.10708,2.244061,1.0,1.0,927.773701,4.648996,703.367594,1094.511439,807.174839,supercritical_gas
783.15,510.0,224980.94795,2.249809,1.0,1.0,929.963361,4.65106,704.982413,1094.979057,807.643668,supercritical_gas
785.15,512.0,225555.788345,2.255558,1.0,1.0,932.153957,4.653121,706.598168,1095.446117,808.111932,supercritical_gas
787.15,514.0,226130.628266,2.261306,1.0,1.0,934.345488,4.655177,708.21486,1095.912611,808.579622,supercritical_gas
789.15,516.0,226705.467715,2.267055,1.0,1.0,936.537954,4.65723,709.832486,1096.378529,809.046731,supercritical_gas
791.15,518.0,227280.306694,2.272803,1.0,1.0,938.731353,4.659278,711.451047,1096.843864,809.513249,supercritical_gas
793.15,520.0,227855.145204,2.278551,1.0,1.0,940.925684,4.661323,713.070539,1097.308607,809.979169,supercritical_gas
795.15,522.0,228429.983248,2.2843,1.0,1.0,943.120946,4.663363,714.690963,1097.77275,810.444483,supercritical_gas
797.15,524.0,229004.820827,2.290048,1.0,1.0,945.317137,4.6654,716.312317,1098.236284,810.909182,supercritical_gas
799.15,526.0,229579.657943,2.295797,1.0,1.0,947.514257,4.667432,717.934599,1098.699203,811.373258,supercritical_gas
801.15,528.0,230154.494597,2.301545,1.0,1.0,949.712304,4.669461,719.557809,1099.161498,811.836705,supercritical_gas
803.15,530.0,230729.330792,2.307293,1.0,1.0,951.911276,4.671485,721.181946,1099.623162,812.299514,supercritical_gas
805.15,532.0,231304.166529,2.313042,1.0,1.0,954.111173,4.673506,722.807007,1100.084187,812.761678,supercritical_gas
807.15,534.0,231879.001809,2.31879,1.0,1.0,956.311994,4.675523,724.432992,1100.544566,813.223189,supercritical_gas
809.15,536.0,232453.836635,2.324538,1.0,1.0,958.513736,4.677536,726.059899,1101.004292,813.684041,supercritical_gas
811.15,538.0,233028.671008,2.330287,1.0,1.0,960.716399,4.679546,727.687728,1101.463357,814.144227,supercritical_gas
813.15,540.0,233603.504929,2.336035,1.0,1.0,962.919981,4.681551,729.316476,1101.921755,814.603739,supercritical_gas
815.15,542.0,234178.338401,2.341783,1.0,1.0,965.12448,4.683553,730.946142,1102.379478,815.062571,supercritical_gas
817.15,544.0,234753.171425,2.347532,1.0,1.0,967.329897,4.685551,732.576725,1102.83652,815.520716,supercritical_gas
819.15,546.0,235328.004002,2.35328,1.0,1.0,969.536228,4.687545,734.208224,1103.292875,815.978167,supercritical_gas
821.15,548.0,235902.836134,2.359028,1.0,1.0,971.743474,4.689535,735.840638,1103.748535,816.434918,supercritical_gas
823.15,550.0,236477.667823,2.364777,1.0,1.0,973.951631,4.691522,737.473964,1104.203495,816.890963,supercritical_gas
825.15,552.0,237052.499071,2.370525,1.0,1.0,976.1607,4.693505,739.108201,1104.657748,817.346295,supercritical_gas
827.15,554.0,237627.329878,2.376273,1.0,1.0,978.370678,4.695484,740.743348,1105.111288,817.800908,supercritical_gas
829.15,556.0,238202.160247,2.382022,1.0,1.0,980.581564,4.69746,742.379404,1105.56411,818.254797,supercritical_gas
831.15,558.0,238776.990179,2.38777,1.0,1.0,982.793357,4.699432,744.016367,1106.016206,818.707956,supercritical_gas
833.15,560.0,239351.819675,2.393518,1.0,1.0,985.006055,4.7014,745.654236,1106.467572,819.160378,supercritical_gas
835.15,562.0,239926.648738,2.399266,1.0,1.0,987.219657,4.703364,747.293008,1106.918201,819.612058,supercritical_gas
837.15,564.0,240501.477368,2.405015,1.0,1.0,989.434161,4.705325,748.932683,1107.368088,820.062991,supercritical_gas
839.15,566.0,241076.305568,2.410763,1.0,1.0,991.649565,4.707283,750.57326,1107.817228,820.513171,supercritical_gas
841.15,568.0,241651.133338,2.416511,1.0,1.0,993.865869,4.709237,752.214735,1108.265616,820.962592,supercritical_gas
843.15,570.0,242225.96068,2.42226,1.0,1.0,996.08307,4.711187,753.857109,1108.713245,821.411251,supercritical_gas
845.15,572.0,242800.787596,2.428008,1.0,1.0,998.301168,4.713133,755.50038,1109.160111,821.859141,supercritical_gas
847.15,574.0,243375.614088,2.433756,1.0,1.0,1000.52016,4.715077,757.144545,1109.606209,822.306257,supercritical_gas
849.15,576.0,243950.440155,2.439504,1.0,1.0,1002.740045,4.717016,758.789604,1110.051534,822.752595,supercritical_gas
851.15,578.0,244525.265801,2.445253,1.0,1.0,1004.960821,4.718952,760.435555,1110.496081,823.19815,supercritical_gas
853.15,580.0,245100.091027,2.451001,1.0,1.0,1007.182488,4.720885,762.082396,1110.939845,823.642917,supercritical_gas
855.15,582.0,245674.915834,2.456749,1.0,1.0,1009.405042,4.722814,763.730126,1111.382822,824.086892,supercritical_gas
857.15,584.0,246249.740222,2.462497,1.0,1.0,1011.628484,4.724739,765.378744,1111.825008,824.53007,supercritical_gas
859.15,586.0,246824.564195,2.468246,1.0,1.0,1013.85281,4.726662,767.028246,1112.266397,824.972446,supercritical_gas
861.15,588.0,247399.387753,2.473994,1.0,1.0,1016.078021,4.72858,768.678633,1112.706985,825.414017,supercritical_gas
863.15,590.0,247974.210898,2.479742,1.0,1.0,1018.304113,4.730496,770.329902,1113.146769,825.854778,supercritical_gas
865.15,592.0,248549.033631,2.48549,1.0,1.0,1020.531085,4.732408,771.982051,1113.585744,826.294726,supercritical_gas
867.15,594.0,249123.855954,2.491239,1.0,1.0,1022.758936,4.734316,773.63508,1114.023906,826.733855,supercritical_gas
869.15,596.0,249698.677867,2.496987,1.0,1.0,1024.987664,4.736221,775.288986,1114.461251,827.172163,supercritical_gas
871.15,598.0,250273.499372,2.502735,1.0,1.0,1027.217268,4.738123,776.943768,1114.897776,827.609645,supercritical_gas
873.15,600.0,250848.320471,2.508483,1.0,1.0,1029.447745,4.740021,778.599424,1115.333476,828.046298,supercritical_gas
875.15,602.0,251423.141166,2.514231,1.0,1.0,1031.679094,4.741916,780.255953,1115.768347,828.482118,supercritical_gas
877.15,604.0,251997.961456,2.51998,1.0,1.0,1033.911314,4.743808,781.913352,1116.202387,828.917101,supercritical_gas
879.15,606.0,252572.781344,2.525728,1.0,1.0,1036.144402,4.745696,783.571621,1116.635592,829.351245,supercritical_gas
881.15,608.0,253147.600831,2.531476,1.0,1.0,1038.378357,4.747581,785.230757,1117.067959,829.784545,supercritical_gas
883.15,610.0,253722.419918,2.537224,1.0,1.0,1040.613178,4.749463,786.890758,1117.499483,830.216999,supercritical_gas
885.15,612.0,254297.238608,2.542972,1.0,1.0,1042.848863,4.751342,788.551624,1117.930162,830.648602,supercritical_gas
887.15,614.0,254872.0569,2.548721,1.0,1.0,1045.085409,4.753217,790.213352,1118.359993,831.079353,supercritical_gas
889.15,616.0,255446.874796,2.554469,1.0,1.0,1047.322816,4.755089,791.875941,1118.788972,831.509249,supercritical_gas
891.15,618.0,256021.692298,2.560217,1.0,1.0,1049.561081,4.756957,793.539389,1119.217098,831.938285,supercritical_gas
893.15,620.0,256596.509406,2.565965,1.0,1.0,1051.800203,4.758823,795.203693,1119.644365,832.366459,supercritical_gas
895.15,622.0,257171.326123,2.571713,1.0,1.0,1054.04018,4.760685,796.868854,1120.070773,832.793769,supercritical_gas
897.15,624.0,257746.142449,2.577461,1.0,1.0,1056.28101,4.762544,798.534868,1120.496318,833.220212,supercritical_gas
899.15,626.0,258320.958386,2.58321,1.0,1.0,1058.522692,4.7644,800.201734,1120.920998,833.645785,supercritical_gas
901.15,628.0,258895.773935,2.588958,1.0,1.0,1060.765224,4.766253,801.86945,1121.34481,834.070485,supercritical_gas
903.15,630.0,259470.589097,2.594706,1.0,1.0,1063.008605,4.768103,803.538015,1121.767751,834.494311,supercritical_gas
905.15,632.0,260045.403874,2.600454,1.0,1.0,1065.252831,4.769949,805.207427,1122.189819,834.91726,supercritical_gas
907.15,634.0,260620.218266,2.606202,1.0,1.0,1067.497902,4.771792,806.877684,1122.611012,835.339329,supercritical_gas
909.15,636.0,261195.032275,2.61195,1.0,1.0,1069.743816,4.773632,808.548784,1123.031327,835.760516,supercritical_gas
911.15,638.0,261769.845902,2.617698,1.0,1.0,1071.990571,4.775469,810.220725,1123.450762,836.180819,supercritical_gas
913.15,640.0,262344.659148,2.623447,1.0,1.0,1074.238166,4.777303,811.893507,1123.869316,836.600236,supercritical_gas
915.15,642.0,262919.472015,2.629195,1.0,1.0,1076.486598,4.779134,813.567126,1124.286986,837.018765,supercritical_gas
917.15,644.0,263494.284504,2.634943,1.0,1.0,1078.735866,4.780962,815.241581,1124.703769,837.436404,supercritical_gas
919.15,646.0,264069.096615,2.640691,1.0,1.0,1080.985967,4.782786,816.916871,1125.119665,837.853151,supercritical_gas
921.15,648.0,264643.908351,2.646439,1.0,1.0,1083.236901,4.784608,818.592993,1125.534671,838.269004,supercritical_gas
923.15,650.0,265218.719712,2.652187,1.0,1.0,1085.488666,4.786426,820.269946,1125.948786,838.683961,supercritical_gas
925.15,652.0,265793.5307,2.657935,1.0,1.0,1087.741259,4.788242,821.947728,1126.362007,839.098022,supercritical_gas
927.15,654.0,266368.341315,2.663683,1.0,1.0,1089.994679,4.790054,823.626338,1126.774334,839.511183,supercritical_gas
929.15,656.0,266943.151559,2.669432,1.0,1.0,1092.248924,4.791864,825.305772,1127.185764,839.923444,supercritical_gas
931.15,658.0,267517.961433,2.67518,1.0,1.0,1094.503992,4.79367,826.986031,1127.596296,840.334804,supercritical_gas
933.15,660.0,268092.770938,2.680928,1.0,1.0,1096.759882,4.795474,828.667111,1128.005929,840.74526,supercritical_gas
935.15,662.0,268667.580075,2.686676,1.0,1.0,1099.016591,4.797274,830.349011,1128.414661,841.154811,supercritical_gas
937.15,664.0,269242.388846,2.692424,1.0,1.0,1101.274118,4.799072,832.03173,1128.822491,841.563456,supercritical_gas
939.15,666.0,269817.197251,2.698172,1.0,1.0,1103.532462,4.800866,833.715264,1129.229418,841.971195,supercritical_gas
941.15,668.0,270392.005292,2.70392,1.0,1.0,1105.791619,4.802658,835.399614,1129.635439,842.378024,supercritical_gas
943.15,670.0,270966.81297,2.709668,1.0,1.0,1108.051589,4.804446,837.084776,1130.040556,842.783945,supercritical_gas
945.15,672.0,271541.620286,2.715416,1.0,1.0,1110.312369,4.806232,838.770749,1130.444765,843.188954,supercritical_gas
947.15,674.0,272116.42724,2.721164,1.0,1.0,1112.573958,4.808015,840.457531,1130.848067,843.593053,supercritical_gas
949.15,676.0,272691.233835,2.726912,1.0,1.0,1114.836354,4.809795,842.145121,1131.250459,843.996238,supercritical_gas
951.15,678.0,273266.040071,2.73266,1.0,1.0,1117.099556,4.811572,843.833515,1131.651942,844.39851,supercritical_gas
953.15,680.0,273840.845949,2.738408,1.0,1.0,1119.36356,4.813346,845.522714,1132.052515,844.799868,supercritical_gas
955.15,682.0,274415.651471,2.744157,1.0,1.0,1121.628366,4.815117,847.212714,1132.452176,845.200311,supercritical_gas
957.15,684.0,274990.456636,2.749905,1.0,1.0,1123.893971,4.816885,848.903515,1132.850924,845.599839,supercritical_gas
959.15,686.0,275565.261448,2.755653,1.0,1.0,1126.160375,4.818651,850.595113,1133.24876,845.998449,supercritical_gas
961.15,688.0,276140.065906,2.761401,1.0,1.0,1128.427574,4.820413,852.287508,1133.645683,846.396143,supercritical_gas
963.15,690.0,276714.870011,2.767149,1.0,1.0,1130.695567,4.822173,853.980697,1134.041691,846.792919,supercritical_gas
965.15,692.0,277289.673766,2.772897,1.0,1.0,1132.964353,4.82393,855.674679,1134.436785,847.188778,supercritical_gas
967.15,694.0,277864.47717,2.778645,1.0,1.0,1135.233929,4.825684,857.369452,1134.830964,847.583717,supercritical_gas
969.15,696.0,278439.280225,2.784393,1.0,1.0,1137.504293,4.827436,859.065013,1135.224227,847.977738,supercritical_gas
971.15,698.0,279014.082931,2.790141,1.0,1.0,1139.775445,4.829184,860.761362,1135.616575,848.370839,supercritical_gas
973.15,700.0,279588.885291,2.795889,1.0,1.0,1142.047381,4.83093,862.458496,1136.008006,848.76302,supercritical_gas
975.15,702.0,280163.687304,2.801637,1.0,1.0,1144.320101,4.832673,864.156413,1136.39852,849.154282,supercritical_gas
977.15,704.0,280738.488972,2.807385,1.0,1.0,1146.593601,4.834413,865.855112,1136.788118,849.544623,supercritical_gas
979.15,706.0,281313.290296,2.813133,1.0,1.0,1148.867882,4.836151,867.554591,1137.176799,849.934044,supercritical_gas
981.15,708.0,281888.091277,2.818881,1.0,1.0,1151.142939,4.837885,869.254848,1137.564562,850.322545,supercritical_gas
983.15,710.0,282462.891916,2.824629,1.0,1.0,1153.418773,4.839617,870.955881,1137.951409,850.710125,supercritical_gas
985.15,712.0,283037.692214,2.830377,1.0,1.0,1155.69538,4.841346,872.657688,1138.337338,851.096785,supercritical_gas
987.15,714.0,283612.492171,2.836125,1.0,1.0,1157.97276,4.843073,874.360267,1138.722349,851.482524,supercritical_gas
989.15,716.0,284187.29179,2.841873,1.0,1.0,1160.250909,4.844797,876.063617,1139.106444,851.867342,supercritical_gas
991.15,718.0,284762.091071,2.847621,1.0,1.0,1162.529827,4.846518,877.767736,1139.489621,852.25124,supercritical_gas
993.15,720.0,285336.890014,2.853369,1.0,1.0,1164.809512,4.848236,879.472622,1139.871881,852.634217,supercritical_gas
995.15,722.0,285911.688621,2.859117,1.0,1.0,1167.089961,4.849952,881.178272,1140.253224,853.016275,supercritical_gas
997.15,724.0,286486.486893,2.864865,1.0,1.0,1169.371173,4.851665,882.884686,1140.633651,853.397412,supercritical_gas
999.15,726.0,287061.284831,2.870613,1.0,1.0,1171.653146,4.853375,884.591861,1141.01316,853.77763,supercritical_gas
1001.15,728.0,287636.082435,2.876361,1.0,1.0,1173.935879,4.855083,886.299796,1141.391754,854.156929,supercritical_gas
1003.15,730.0,288210.879707,2.882109,1.0,1.0,1176.219368,4.856788,888.008488,1141.769432,854.535308,supercritical_gas
1005.15,732.0,288785.676648,2.887857,1.0,1.0,1178.503613,4.85849,889.717937,1142.146193,854.912769,supercritical_gas
1007.15,734.0,289360.473258,2.893605,1.0,1.0,1180.788612,4.86019,891.428139,1142.52204,855.289311,supercritical_gas
1009.15,736.0,289935.269539,2.899353,1.0,1.0,1183.074363,4.861887,893.139093,1142.896972,855.664936,supercritical_gas
1011.15,738.0,290510.065491,2.905101,1.0,1.0,1185.360864,4.863582,894.850798,1143.27099,856.039643,supercritical_gas
1013.15,740.0,291084.861116,2.910849,1.0,1.0,1187.648112,4.865274,896.563251,1143.644094,856.413433,supercritical_gas
1015.15,742.0,291659.656414,2.916597,1.0,1.0,1189.936108,4.866963,898.276451,1144.016284,856.786308,supercritical_gas
1017.15,744.0,292234.451386,2.922345,1.0,1.0,1192.224847,4.86865,899.990396,1144.387562,857.158266,supercritical_gas
1019.15,746.0,292809.246033,2.928092,1.0,1.0,1194.51433,4.870334,901.705084,1144.757928,857.529309,supercritical_gas
1021.15,748.0,293384.040356,2.93384,1.0,1.0,1196.804553,4.872015,903.420513,1145.127382,857.899438,supercritical_gas
1023.15,750.0,293958.834357,2.939588,1.0,1.0,1199.095515,4.873694,905.136681,1145.495925,858.268654,supercritical_gas
1025.15,752.0,294533.628035,2.945336,1.0,1.0,1201.387215,4.875371,906.853587,1145.863558,858.636956,supercritical_gas
1027.15,754.0,295108.421392,2.951084,1.0,1.0,1203.679649,4.877045,908.571228,1146.230282,859.004346,supercritical_gas
1029.15,756.0,295683.214428,2.956832,1.0,1.0,1205.972818,4.878716,910.289603,1146.596098,859.370824,supercritical_gas
1031.15,758.0,296258.007145,2.96258,1.0,1.0,1208.266718,4.880385,912.008711,1146.961005,859.736392,supercritical_gas
1033.15,760.0,296832.799543,2.968328,1.0,1.0,1210.561348,4.882051,913.728548,1147.325006,860.10105,supercritical_gas
1035.15,762.0,297407.591624,2.974076,1.0,1.0,1212.856706,4.883715,915.449114,1147.6881,860.464799,supercritical_gas
1037.15,764.0,297982.383388,2.979824,1.0,1.0,1215.15279,4.885376,917.170407,1148.050289,860.827641,supercritical_gas
1039.15,766.0,298557.174836,2.985572,1.0,1.0,1217.449599,4.887035,918.892424,1148.411574,861.189575,supercritical_gas
1041.15,768.0,299131.965969,2.99132,1.0,1.0,1219.747131,4.888691,920.615165,1148.771955,861.550603,supercritical_gas
1043.15,770.0,299706.756788,2.997068,1.0,1.0,1222.045383,4.890345,922.338626,1149.131435,861.910725,supercritical_gas
1045.15,772.0,300281.547293,3.002815,1.0,1.0,1224.344354,4.891996,924.062807,1149.490012,862.269944,supercritical_gas
1047.15,774.0,300856.337486,3.008563,1.0,1.0,1226.644043,4.893645,925.787705,1149.84769,862.62826,supercritical_gas
1049.15,776.0,301431.127367,3.014311,1.0,1.0,1228.944447,4.895291,927.513319,1150.204468,862.985674,supercritical_gas
1051.15,778.0,302005.916937,3.020059,1.0,1.0,1231.245564,4.896935,929.239647,1150.560348,863.342186,supercritical_gas
1053.15,780.0,302580.706197,3.025807,1.0,1.0,1233.547394,4.898576,930.966687,1150.91533,863.6978,supercritical_gas
1055.15,782.0,303155.495148,3.031555,1.0,1.0,1235.849933,4.900215,932.694438,1151.269417,864.052514,supercritical_gas
1057.15,784.0,303730.283791,3.037303,1.0,1.0,1238.153181,4.901852,934.422897,1151.622609,864.406331,supercritical_gas
1059.15,786.0,304305.072127,3.043051,1.0,1.0,1240.457135,4.903486,936.152063,1151.974908,864.759252,supercritical_gas
1061.15,788.0,304879.860156,3.048799,1.0,1.0,1242.761793,4.905118,937.881933,1152.326314,865.111278,supercritical_gas
1063.15,790.0,305454.647879,3.054546,1.0,1.0,1245.067155,4.906747,939.612507,1152.676829,865.46241,supercritical_gas
1065.15,792.0,306029.435296,3.060294,1.0,1.0,1247.373218,4.908374,941.343782,1153.026454,865.81265,supercritical_gas
1067.15,794.0,306604.22241,3.066042,1.0,1.0,1249.67998,4.909999,943.075757,1153.37519,866.161998,supercritical_gas
1069.15,796.0,307179.009221,3.07179,1.0,1.0,1251.987439,4.911621,944.80843,1153.723039,866.510457,supercritical_gas
1071.15,798.0,307753.795728,3.077538,1.0,1.0,1254.295594,4.91324,946.541798,1154.070002,866.858027,supercritical_gas
1073.15,800.0,308328.581935,3.083286,1.0,1.0,1256.604443,4.914858,948.275861,1154.416081,867.20471,supercritical_gas
1075.15,802.0,308903.36784,3.089034,1.0,1.0,1258.913985,4.916473,950.010617,1154.761276,867.550508,supercritical_gas
1077.15,804.0,309478.153445,3.094782,1.0,1.0,1261.224216,4.918085,951.746063,1155.105589,867.89542,supercritical_gas
1079.15,806.0,310052.93875,3.100529,1.0,1.0,1263.535137,4.919696,953.482198,1155.449022,868.23945,supercritical_gas
1081.15,808.0,310627.723757,3.106277,1.0,1.0,1265.846744,4.921304,955.21902,1155.791576,868.582599,supercritical_gas
1083.15,810.0,311202.508466,3.112025,1.0,1.0,1268.159036,4.922909,956.956528,1156.133252,868.924867,supercritical_gas
1085.15,812.0,311777.292878,3.117773,1.0,1.0,1270.472012,4.924513,958.694719,1156.474052,869.266257,supercritical_gas
1087.15,814.0,312352.076994,3.123521,1.0,1.0,1272.785669,4.926114,960.433592,1156.813977,869.60677,supercritical_gas
1089.15,816.0,312926.860815,3.129269,1.0,1.0,1275.100006,4.927712,962.173145,1157.15303,869.946408,supercritical_gas
1091.15,818.0,313501.64434,3.135016,1.0,1.0,1277.415021,4.929308,963.913377,1157.49121,870.285171,supercritical_gas
1093.15,820.0,314076.427572,3.140764,1.0,1.0,1279.730713,4.930903,965.654285,1157.828521,870.623062,supercritical_gas
1095.15,822.0,314651.210511,3.146512,1.0,1.0,1282.047079,4.932494,967.395869,1158.164963,870.960082,supercritical_gas
1097.15,824.0,315225.993157,3.15226,1.0,1.0,1284.364118,4.934084,969.138125,1158.500538,871.296233,supercritical_gas
1099.15,826.0,315800.775511,3.158008,1.0,1.0,1286.681829,4.935671,970.881053,1158.835248,871.631516,supercritical_gas
1101.15,828.0,316375.557575,3.163756,1.0,1.0,1289.000208,4.937256,972.624651,1159.169094,871.965933,supercritical_gas
1103.15,830.0,316950.339349,3.169503,1.0,1.0,1291.319256,4.938838,974.368916,1159.502078,872.299486,supercritical_gas
1105.15,832.0,317525.120833,3.175251,1.0,1.0,1293.638969,4.940419,976.113848,1159.834202,872.632176,supercritical_gas
1107.15,834.0,318099.902028,3.180999,1.0,1.0,1295.959346,4.941997,977.859444,1160.165467,872.964005,supercritical_gas
1109.15,836.0,318674.682935,3.186747,1.0,1.0,1298.280386,4.943573,979.605703,1160.495874,873.294975,supercritical_gas
1111.15,838.0,319249.463556,3.192495,1.0,1.0,1300.602087,4.945146,981.352624,1160.825427,873.625087,supercritical_gas
1113.15,840.0,319824.243889,3.198242,1.0,1.0,1302.924447,4.946717,983.100203,1161.154125,873.954343,supercritical_gas
1115.15,842.0,320399.023938,3.20399,1.0,1.0,1305.247464,4.948287,984.848441,1161.481972,874.282745,supercritical_gas
1117.15,844.0,320973.803701,3.209738,1.0,1.0,1307.571137,4.949854,986.597334,1161.808968,874.610295,supercritical_gas
1119.15,846.0,321548.583179,3.215486,1.0,1.0,1309.895464,4.951418,988.346881,1162.135116,874.936993,supercritical_gas
1121.15,848.0,322123.362375,3.221234,1.0,1.0,1312.220443,4.952981,990.097081,1162.460417,875.262843,supercritical_gas
1123.15,850.0,322698.141287,3.226981,1.0,1.0,1314.546073,4.954541,991.847932,1162.784873,875.587846,supercritical_gas
1125.15,852.0,323272.919917,3.232729,1.0,1.0,1316.872352,4.956099,993.599432,1163.108486,875.912003,supercritical_gas
1127.15,854.0,323847.698266,3.238477,1.0,1.0,1319.199278,4.957655,995.351579,1163.431257,876.235317,supercritical_gas
1129.15,856.0,324422.476334,3.244225,1.0,1.0,1321.526849,4.959209,997.104373,1163.753189,876.557789,supercritical_gas
1131.15,858.0,324997.254122,3.249973,1.0,1.0,1323.855064,4.96076,998.85781,1164.074283,876.879421,supercritical_gas
1133.15,860.0,325572.031631,3.25572,1.0,1.0,1326.183921,4.962309,1000.61189,1164.394541,877.200215,supercritical_gas
1135.15,862.0,326146.808861,3.261468,1.0,1.0,1328.513419,4.963857,1002.36661,1164.713965,877.520173,supercritical_gas
1137.15,864.0,326721.585813,3.267216,1.0,1.0,1330.843556,4.965402,1004.12197,1165.032557,877.839296,supercritical_gas
1139.15,866.0,327296.362488,3.272964,1.0,1.0,1333.174329,4.966944,1005.877967,1165.350318,878.157587,supercritical_gas
1141.15,868.0,327871.138886,3.278711,1.0,1.0,1335.505739,4.968485,1007.6346,1165.667251,878.475048,supercritical_gas
1143.15,870.0,328445.915009,3.284459,1.0,1.0,1337.837782,4.970024,1009.391867,1165.983358,878.79168,supercritical_gas
1145.15,872.0,329020.690856,3.290207,1.0,1.0,1340.170457,4.97156,1011.149766,1166.298639,879.107485,supercritical_gas
1147.15,874.0,329595.466429,3.295955,1.0,1.0,1342.503762,4.973094,1012.908296,1166.613098,879.422465,supercritical_gas
1149.15,876.0,330170.241728,3.301702,1.0,1.0,1344.837697,4.974627,1014.667455,1166.926736,879.736623,supercritical_gas
1151.15,878.0,330745.016754,3.30745,1.0,1.0,1347.172259,4.976157,1016.427242,1167.239555,880.049959,supercritical_gas
1153.15,880.0,331319.791507,3.313198,1.0,1.0,1349.507446,4.977685,1018.187654,1167.551557,880.362477,supercritical_gas
1155.15,882.0,331894.565989,3.318946,1.0,1.0,1351.843257,4.97921,1019.948691,1167.862743,880.674177,supercritical_gas
1157.15,884.0,332469.340199,3.324693,1.0,1.0,1354.179691,4.980734,1021.710351,1168.173117,880.985062,supercritical_gas
1159.15,886.0,333044.114139,3.330441,1.0,1.0,1356.516745,4.982256,1023.472631,1168.48268,881.295134,supercritical_gas
1161.15,888.0,333618.887809,3.336189,1.0,1.0,1358.854418,4.983775,1025.235531,1168.791433,881.604395,supercritical_gas
1163.15,890.0,334193.66121,3.341937,1.0,1.0,1361.192709,4.985293,1026.999048,1169.099379,881.912847,supercritical_gas
1165.15,892.0,334768.434342,3.347684,1.0,1.0,1363.531616,4.986808,1028.763181,1169.40652,882.220492,supercritical_gas
1167.15,894.0,335343.207207,3.353432,1.0,1.0,1365.871137,4.988321,1030.527929,1169.712857,882.527331,supercritical_gas
1169.15,896.0,335917.979804,3.35918,1.0,1.0,1368.21127,4.989833,1032.29329,1170.018394,882.833368,supercritical_gas
1171.15,898.0,336492.752135,3.364928,1.0,1.0,1370.552014,4.991342,1034.059262,1170.323131,883.138603,supercritical_gas
1173.15,900.0,337067.524199,3.370675,1.0,1.0,1372.893368,4.992849,1035.825844,1170.627071,883.443039,supercritical_gas
1175.15,902.0,337642.295999,3.376423,1.0,1.0,1375.23533,4.994354,1037.593034,1170.930215,883.746678,supercritical_gas
1177.15,904.0,338217.067533,3.382171,1.0,1.0,1377.577898,4.995857,1039.36083,1171.232567,884.049522,supercritical_gas
1179.15,906.0,338791.838804,3.387918,1.0,1.0,1379.92107,4.997358,1041.129232,1171.534127,884.351573,supercritical_gas
1181.15,908.0,339366.609811,3.393666,1.0,1.0,1382.264846,4.998857,1042.898236,1171.834898,884.652832,supercritical_gas
1183.15,910.0,339941.380556,3.399414,1.0,1.0,1384.609223,5.000354,1044.667842,1172.134882,884.953303,supercritical_gas
1185.15,912.0,340516.151038,3.405162,1.0,1.0,1386.9542,5.001849,1046.438049,1172.434081,885.252988,supercritical_gas
1187.15,914.0,341090.921259,3.410909,1.0,1.0,1389.299775,5.003342,1048.208854,1172.732497,885.551887,supercritical_gas
1189.15,916.0,341665.691219,3.416657,1.0,1.0,1391.645947,5.004833,1049.980256,1173.030132,885.850003,supercritical_gas
1191.15,918.0,342240.460919,3.422405,1.0,1.0,1393.992714,5.006322,1051.752253,1173.326988,886.147339,supercritical_gas
1193.15,920.0,342815.230359,3.428152,1.0,1.0,1396.340075,5.007809,1053.524845,1173.623068,886.443897,supercritical_gas
1195.15,922.0,343389.99954,3.4339,1.0,1.0,1398.688028,5.009293,1055.298028,1173.918372,886.739678,supercritical_gas
1197.15,924.0,343964.768462,3.439648,1.0,1.0,1401.036571,5.010776,1057.071803,1174.212904,887.034684,supercritical_gas
1199.15,926.0,344539.537127,3.445395,1.0,1.0,1403.385704,5.012257,1058.846167,1174.506666,887.328918,supercritical_gas
1201.15,928.0,345114.305534,3.451143,1.0,1.0,1405.735424,5.013736,1060.621118,1174.799659,887.622382,supercritical_gas
1203.15,930.0,345689.073685,3.456891,1.0,1.0,1408.085729,5.015213,1062.396656,1175.091886,887.915078,supercritical_gas
1205.15,932.0,346263.84158,3.462638,1.0,1.0,1410.436619,5.016688,1064.172778,1175.383348,888.207008,supercritical_gas
1207.15,934.0,346838.609219,3.468386,1.0,1.0,1412.788092,5.018161,1065.949483,1175.674048,888.498173,supercritical_gas
1209.15,936.0,347413.376603,3.474134,1.0,1.0,1415.140147,5.019632,1067.72677,1175.963988,888.788577,supercritical_gas
1211.15,938.0,347988.143734,3.479881,1.0,1.0,1417.492781,5.021101,1069.504637,1176.25317,889.078222,supercritical_gas
1213.15,940.0,348562.91061,3.485629,1.0,1.0,1419.845993,5.022569,1071.283082,1176.541596,889.367108,supercritical_gas
1215.15,942.0,349137.677233,3.491377,1.0,1.0,1422.199782,5.024034,1073.062105,1176.829269,889.65524,supercritical_gas
1217.15,944.0,349712.443604,3.497124,1.0,1.0,1424.554146,5.025497,1074.841703,1177.116189,889.942618,supercritical_gas
1219.15,946.0,350287.209723,3.502872,1.0,1.0,1426.909085,5.026958,1076.621875,1177.402361,890.229244,supercritical_gas
1221.15,948.0,350861.975591,3.50862,1.0,1.0,1429.264595,5.028418,1078.402619,1177.687784,890.515122,supercritical_gas
1223.15,950.0,351436.741208,3.514367,1.0,1.0,1431.620676,5.029875,1080.183935,1177.972463,890.800253,supercritical_gas
1225.15,952.0,352011.506575,3.520115,1.0,1.0,1433.977326,5.031331,1081.96582,1178.256398,891.084638,supercritical_gas
1227.15,954.0,352586.271692,3.525863,1.0,1.0,1436.334545,5.032785,1083.748273,1178.539592,891.368281,supercritical_gas
1229.15,956.0,353161.03656,3.53161,1.0,1.0,1438.692329,5.034237,1085.531292,1178.822047,891.651184,supercritical_gas
1231.15,958.0,353735.80118,3.537358,1.0,1.0,1441.050678,5.035686,1087.314877,1179.103766,891.933348,supercritical_gas
1233.15,960.0,354310.565552,3.543106,1.0,1.0,1443.409591,5.037134,1089.099025,1179.384749,892.214776,supercritical_gas
1235.15,962.0,354885.329676,3.548853,1.0,1.0,1445.769065,5.038581,1090.883736,1179.665,892.495469,supercritical_gas
1237.15,964.0,355460.093554,3.554601,1.0,1.0,1448.1291,5.040025,1092.669007,1179.944521,892.775431,supercritical_gas
1239.15,966.0,356034.857186,3.560349,1.0,1.0,1450.489694,5.041467,1094.454837,1180.223313,893.054663,supercritical_gas
1241.15,968.0,356609.620572,3.566096,1.0,1.0,1452.850845,5.042908,1096.241225,1180.50138,893.333167,supercritical_gas
1243.15,970.0,357184.383712,3.571844,1.0,1.0,1455.212553,5.044346,1098.028169,1180.778722,893.610945,supercritical_gas
1245.15,972.0,357759.146609,3.577591,1.0,1.0,1457.574815,5.045783,1099.815668,1181.055342,893.888,supercritical_gas
1247.15,974.0,358333.909261,3.583339,1.0,1.0,1459.93763,5.047218,1101.603721,1181.331242,894.164333,supercritical_gas
1249.15,976.0,358908.67167,3.589087,1.0,1.0,1462.300997,5.048651,1103.392325,1181.606425,894.439948,supercritical_gas
1251.15,978.0,359483.433836,3.594834,1.0,1.0,1464.664914,5.050082,1105.18148,1181.880892,894.714845,supercritical_gas
1253.15,980.0,360058.195759,3.600582,1.0,1.0,1467.02938,5.051511,1106.971184,1182.154646,894.989027,supercritical_gas
1255.15,982.0,360632.957441,3.60633,1.0,1.0,1469.394393,5.052939,1108.761436,1182.427689,895.262497,supercritical_gas
1257.15,984.0,361207.718881,3.612077,1.0,1.0,1471.759952,5.054364,1110.552233,1182.700023,895.535256,supercritical_gas
1259.15,986.0,361782.480081,3.617825,1.0,1.0,1474.126056,5.055788,1112.343576,1182.971649,895.807307,supercritical_gas
1261.15,988.0,362357.241041,3.623572,1.0,1.0,1476.492703,5.05721,1114.135462,1183.242571,896.078651,supercritical_gas
1263.15,990.0,362932.001761,3.62932,1.0,1.0,1478.859892,5.05863,1115.92789,1183.51279,896.349291,supercritical_gas
1265.15,992.0,363506.762241,3.635068,1.0,1.0,1481.227621,5.060049,1117.720859,1183.782309,896.619229,supercritical_gas
1267.15,994.0,364081.522484,3.640815,1.0,1.0,1483.595889,5.061465,1119.514367,1184.051129,896.888467,supercritical_gas
1269.15,996.0,364656.282488,3.646563,1.0,1.0,1485.964695,5.06288,1121.308412,1184.319253,897.157008,supercritical_gas
1271.15,998.0,365231.042254,3.65231,1.0,1.0,1488.334037,5.064293,1123.102994,1184.586683,897.424852,supercritical_gas
1273.15,1000.0,365805.801784,3.658058,1.0,1.0,1490.703913,5.065704,1124.898111,1184.853421,897.692004,supercritical_gas
1275.15,1002.0,366380.561077,3.663806,1.0,1.0,1493.074323,5.067113,1126.693762,1185.119468,897.958464,supercritical_gas
1277.15,1004.0,366955.320134,3.669553,1.0,1.0,1495.445265,5.06852,1128.489945,1185.384828,898.224235,supercritical_gas
1279.15,1006.0,367530.078956,3.675301,1.0,1.0,1497.816737,5.069926,1130.286658,1185.649503,898.489318,supercritical_gas
1281.15,1008.0,368104.837542,3.681048,1.0,1.0,1500.188739,5.07133,1132.083901,1185.913494,898.753717,supercritical_gas
1283.15,1010.0,368679.595894,3.686796,1.0,1.0,1502.561269,5.072732,1133.881673,1186.176803,899.017433,supercritical_gas
1285.15,1012.0,369254.354013,3.692544,1.0,1.0,1504.934325,5.074133,1135.679971,1186.439434,899.280468,supercritical_gas
1287.15,1014.0,369829.111898,3.698291,1.0,1.0,1507.307906,5.075531,1137.478794,1186.701387,899.542825,supercritical_gas
1289.15,1016.0,370403.86955,3.704039,1.0,1.0,1509.682011,5.076928,1139.278142,1186.962665,899.804506,supercritical_gas
1291.15,1018.0,370978.626969,3.709786,1.0,1.0,1512.056639,5.078323,1141.078012,1187.22327,900.065512,supercritical_gas
1293.15,1020.0,371553.384157,3.715534,1.0,1.0,1514.431787,5.079717,1142.878403,1187.483205,900.325846,supercritical_gas
1295.15,1022.0,372128.141113,3.721281,1.0,1.0,1516.807456,5.081108,1144.679315,1187.742471,900.58551,supercritical_gas
1297.15,1024.0,372702.897838,3.727029,1.0,1.0,1519.183643,5.082498,1146.480745,1188.00107,900.844506,supercritical_gas
1299.15,1026.0,373277.654333,3.732777,1.0,1.0,1521.560347,5.083886,1148.282692,1188.259005,901.102836,supercritical_gas
1301.15,1028.0,373852.410598,3.738524,1.0,1.0,1523.937566,5.085272,1150.085156,1188.516278,901.360503,supercritical_gas
1303.15,1030.0,374427.166634,3.744272,1.0,1.0,1526.3153,5.086657,1151.888134,1188.77289,901.617508,supercritical_gas
1305.15,1032.0,375001.922441,3.750019,1.0,1.0,1528.693548,5.08804,1153.691625,1189.028845,901.873853,supercritical_gas
1307.15,1034.0,375576.678019,3.755767,1.0,1.0,1531.072307,5.089421,1155.495629,1189.284143,902.129542,supercritical_gas
1309.15,1036.0,376151.433369,3.761514,1.0,1.0,1533.451576,5.090801,1157.300143,1189.538787,902.384575,supercritical_gas
1311.15,1038.0,376726.188492,3.767262,1.0,1.0,1535.831355,5.092178,1159.105167,1189.79278,902.638955,supercritical_gas
1313.15,1040.0,377300.943388,3.773009,1.0,1.0,1538.211642,5.093554,1160.910698,1190.046123,902.892684,supercritical_gas
1315.15,1042.0,377875.698058,3.778757,1.0,1.0,1540.592435,5.094929,1162.716737,1190.298818,903.145764,supercritical_gas
1317.15,1044.0,378450.452501,3.784505,1.0,1.0,1542.973734,5.096301,1164.523281,1190.550868,903.398197,supercritical_gas
1319.15,1046.0,379025.206719,3.790252,1.0,1.0,1545.355536,5.097672,1166.330329,1190.802274,903.649985,supercritical_gas
1321.15,1048.0,379599.960712,3.796,1.0,1.0,1547.737841,5.099041,1168.137881,1191.053039,903.901131,supercritical_gas
1323.15,1050.0,380174.71448,3.801747,1.0,1.0,1550.120648,5.100409,1169.945933,1191.303165,904.151636,supercritical_gas
1325.15,1052.0,380749.468024,3.807495,1.0,1.0,1552.503955,5.101775,1171.754487,1191.552654,904.401503,supercritical_gas
1327.15,1054.0,381324.221345,3.813242,1.0,1.0,1554.88776,5.103139,1173.563539,1191.801507,904.650734,supercritical_gas
1329.15,1056.0,381898.974442,3.81899,1.0,1.0,1557.272064,5.104501,1175.373089,1192.049728,904.89933,supercritical_gas
1331.15,1058.0,382473.727317,3.824737,1.0,1.0,1559.656863,5.105862,1177.183136,1192.297317,905.147294,supercritical_gas
1333.15,1060.0,383048.479969,3.830485,1.0,1.0,1562.042158,5.107221,1178.993678,1192.544278,905.394627,supercritical_gas
1335.15,1062.0,383623.2324,3.836232,1.0,1.0,1564.427946,5.108579,1180.804714,1192.790611,905.641333,supercritical_gas
1337.15,1064.0,384197.984609,3.84198,1.0,1.0,1566.814227,5.109934,1182.616243,1193.03632,905.887413,supercritical_gas
1339.15,1066.0,384772.736598,3.847727,1.0,1.0,1569.201,5.111288,1184.428263,1193.281407,906.132868,supercritical_gas
1341.15,1068.0,385347.488366,3.853475,1.0,1.0,1571.588262,5.112641,1186.240774,1193.525872,906.377702,supercritical_gas
1343.15,1070.0,385922.239915,3.859222,1.0,1.0,1573.976014,5.113992,1188.053774,1193.769719,906.621916,supercritical_gas
1345.15,1072.0,386496.991243,3.86497,1.0,1.0,1576.364252,5.115341,1189.867261,1194.01295,906.865512,supercritical_gas
1347.15,1074.0,387071.742353,3.870717,1.0,1.0,1578.752978,5.116688,1191.681235,1194.255566,907.108493,supercritical_gas
1349.15,1076.0,387646.493245,3.876465,1.0,1.0,1581.142188,5.118034,1193.495695,1194.497569,907.350859,supercritical_gas
1351.15,1078.0,388221.243918,3.882212,1.0,1.0,1583.531882,5.119379,1195.310638,1194.738962,907.592614,supercritical_gas
1353.15,1080.0,388795.994373,3.88796,1.0,1.0,1585.922059,5.120721,1197.126065,1194.979746,907.83376,supercritical_gas
1355.15,1082.0,389370.744612,3.893707,1.0,1.0,1588.312718,5.122062,1198.941973,1195.219924,908.074298,supercritical_gas
1357.15,1084.0,389945.494633,3.899455,1.0,1.0,1590.703856,5.123402,1200.758362,1195.459498,908.31423,supercritical_gas
1359.15,1086.0,390520.244439,3.905202,1.0,1.0,1593.095474,5.124739,1202.575229,1195.69847,908.553559,supercritical_gas
1361.15,1088.0,391094.994028,3.91095,1.0,1.0,1595.487569,5.126075,1204.392575,1195.936841,908.792286,supercritical_gas
1363.15,1090.0,391669.743402,3.916697,1.0,1.0,1597.880142,5.12741,1206.210398,1196.174613,909.030414,supercritical_gas
1365.15,1092.0,392244.492561,3.922445,1.0,1.0,1600.273189,5.128743,1208.028697,1196.41179,909.267944,supercritical_gas
1367.15,1094.0,392819.241506,3.928192,1.0,1.0,1602.666711,5.130074,1209.84747,1196.648372,909.504879,supercritical_gas
1369.15,1096.0,393393.990236,3.93394,1.0,1.0,1605.060706,5.131404,1211.666716,1196.884362,909.74122,supercritical_gas
1371.15,1098.0,393968.738753,3.939687,1.0,1.0,1607.455173,5.132732,1213.486434,1197.119761,909.97697,supercritical_gas
1373.15,1100.0,394543.487056,3.945435,1.0,1.0,1609.85011,5.134059,1215.306623,1197.354572,910.21213,supercritical_gas
1375.15,1102.0,395118.235147,3.951182,1.0,1.0,1612.245517,5.135383,1217.127282,1197.588797,910.446703,supercritical_gas
1377.15,1104.0,395692.983025,3.95693,1.0,1.0,1614.641393,5.136707,1218.94841,1197.822437,910.680691,supercritical_gas
1379.15,1106.0,396267.730692,3.962677,1.0,1.0,1617.037735,5.138029,1220.770005,1198.055495,910.914095,supercritical_gas
1381.15,1108.0,396842.478147,3.968425,1.0,1.0,1619.434544,5.139349,1222.592066,1198.287973,911.146917,supercritical_gas
1383.15,1110.0,397417.22539,3.974172,1.0,1.0,1621.831817,5.140667,1224.414592,1198.519872,911.37916,supercritical_gas
1385.15,1112.0,397991.972424,3.97992,1.0,1.0,1624.229554,5.141984,1226.237582,1198.751195,911.610825,supercritical_gas
1387.15,1114.0,398566.719246,3.985667,1.0,1.0,1626.627754,5.1433,1228.061035,1198.981943,911.841915,supercritical_gas
1389.15,1116.0,399141.46586,3.991415,1.0,1.0,1629.026415,5.144614,1229.884949,1199.212119,912.072431,supercritical_gas
1391.15,1118.0,399716.212263,3.997162,1.0,1.0,1631.425536,5.145926,1231.709324,1199.441724,912.302375,supercritical_gas
1393.15,1120.0,400290.958458,4.00291,1.0,1.0,1633.825117,5.147237,1233.534158,1199.67076,912.531749,supercritical_gas
1395.15,1122.0,400865.704444,4.008657,1.0,1.0,1636.225155,5.148546,1235.359451,1199.89923,912.760556,supercritical_gas
1397.15,1124.0,401440.450222,4.014405,1.0,1.0,1638.62565,5.149854,1237.1852,1200.127135,912.988797,supercritical_gas
1399.15,1126.0,402015.195792,4.020152,1.0,1.0,1641.026601,5.15116,1239.011406,1200.354477,913.216474,supercritical_gas
1401.15,1128.0,402589.941155,4.025899,1.0,1.0,1643.428007,5.152465,1240.838066,1200.581258,913.443589,supercritical_gas
1403.15,1130.0,403164.686311,4.031647,1.0,1.0,1645.829866,5.153768,1242.665179,1200.80748,913.670143,supercritical_gas
1405.15,1132.0,403739.431261,4.037394,1.0,1.0,1648.232177,5.155069,1244.492746,1201.033145,913.89614,supercritical_gas
1407.15,1134.0,404314.176004,4.043142,1.0,1.0,1650.63494,5.156369,1246.320764,1201.258255,914.12158,supercritical_gas
1409.15,1136.0,404888.920542,4.048889,1.0,1.0,1653.038152,5.157668,1248.149232,1201.482811,914.346467,supercritical_gas
1411.15,1138.0,405463.664875,4.054637,1.0,1.0,1655.441814,5.158965,1249.978149,1201.706817,914.5708,supercritical_gas
1413.15,1140.0,406038.409002,4.060384,1.0,1.0,1657.845924,5.16026,1251.807515,1201.930272,914.794584,supercritical_gas
1415.15,1142.0,406613.152925,4.066132,1.0,1.0,1660.25048,5.161554,1253.637327,1202.15318,915.017818,supercritical_gas
1417.15,1144.0,407187.896645,4.071879,1.0,1.0,1662.655482,5.162847,1255.467586,1202.375543,915.240506,supercritical_gas
1419.15,1146.0,407762.64016,4.077626,1.0,1.0,1665.060929,5.164138,1257.298289,1202.597362,915.462649,supercritical_gas
1421.15,1148.0,408337.383472,4.083374,1.0,1.0,1667.466819,5.165427,1259.129436,1202.818639,915.684249,supercritical_gas
1423.15,1150.0,408912.126581,4.089121,1.0,1.0,1669.873152,5.166715,1260.961025,1203.039375,915.905309,supercritical_gas
1425.15,1152.0,409486.869488,4.094869,1.0,1.0,1672.279926,5.168001,1262.793057,1203.259574,916.125829,supercritical_gas
1427.15,1154.0,410061.612193,4.100616,1.0,1.0,1674.687141,5.169286,1264.625528,1203.479236,916.345811,supercritical_gas
1429.15,1156.0,410636.354696,4.106364,1.0,1.0,1677.094794,5.17057,1266.45844,1203.698364,916.565258,supercritical_gas
1431.15,1158.0,411211.096998,4.112111,1.0,1.0,1679.502886,5.171851,1268.291789,1203.91696,916.784172,supercritical_gas
1433.15,1160.0,411785.839099,4.117858,1.0,1.0,1681.911415,5.173132,1270.125576,1204.135024,917.002554,supercritical_gas
1435.15,1162.0,412360.580999,4.123606,1.0,1.0,1684.32038,5.174411,1271.959799,1204.35256,917.220406,supercritical_gas
1437.15,1164.0,412935.322699,4.129353,1.0,1.0,1686.72978,5.175688,1273.794457,1204.569569,917.43773,supercritical_gas
1439.15,1166.0,413510.0642,4.135101,1.0,1.0,1689.139614,5.176964,1275.62955,1204.786052,917.654528,supercritical_gas
1441.15,1168.0,414084.805501,4.140848,1.0,1.0,1691.54988,5.178239,1277.465075,1205.002012,917.870801,supercritical_gas
1443.15,1170.0,414659.546603,4.146595,1.0,1.0,1693.960579,5.179512,1279.301032,1205.21745,918.086552,supercritical_gas
1445.15,1172.0,415234.287507,4.152343,1.0,1.0,1696.371708,5.180784,1281.137421,1205.432369,918.301782,supercritical_gas
1447.15,1174.0,415809.028212,4.15809,1.0,1.0,1698.783267,5.182054,1282.974239,1205.64677,918.516493,supercritical_gas
1449.15,1176.0,416383.76872,4.163838,1.0,1.0,1701.195255,5.183322,1284.811486,1205.860655,918.730687,supercritical_gas
1451.15,1178.0,416958.50903,4.169585,1.0,1.0,1703.607671,5.18459,1286.649162,1206.074025,918.944366,supercritical_gas
1453.15,1180.0,417533.249143,4.175332,1.0,1.0,1706.020513,5.185855,1288.487264,1206.286883,919.157531,supercritical_gas
1455.15,1182.0,418107.989059,4.18108,1.0,1.0,1708.43378,5.18712,1290.325791,1206.49923,919.370185,supercritical_gas
1457.15,1184.0,418682.72878,4.186827,1.0,1.0,1710.847473,5.188383,1292.164744,1206.711068,919.582329,supercritical_gas
1459.15,1186.0,419257.468304,4.192575,1.0,1.0,1713.261589,5.189644,1294.00412,1206.922399,919.793965,supercritical_gas
1461.15,1188.0,419832.207632,4.198322,1.0,1.0,1715.676127,5.190904,1295.843919,1207.133225,920.005094,supercritical_gas
1463.15,1190.0,420406.946766,4.204069,1.0,1.0,1718.091087,5.192163,1297.68414,1207.343547,920.215719,supercritical_gas
1465.15,1192.0,420981.685704,4.209817,1.0,1.0,1720.506468,5.19342,1299.524782,1207.553367,920.425841,supercritical_gas
1467.15,1194.0,421556.424448,4.215564,1.0,1.0,1722.922268,5.194676,1301.365843,1207.762687,920.635462,supercritical_gas
1469.15,1196.0,422131.162998,4.221312,1.0,1.0,1725.338487,5.19593,1303.207324,1207.971508,920.844584,supercritical_gas
1471.15,1198.0,422705.901355,4.227059,1.0,1.0,1727.755123,5.197183,1305.049221,1208.179834,921.053208,supercritical_gas
1473.15,1200.0,423280.639517,4.232806,1.0,1.0,1730.172176,5.198434,1306.891536,1208.387664,921.261337,supercritical_gas
